The system is: Linux - 6.8.0-111-generic - x86_64
Compiling the C compiler identification source file "CMakeCCompilerId.c" succeeded.
Compiler: /usr/bin/cc 
Build flags: 
Id flags:  

The output was:
0


Compilation of the C compiler identification source "CMakeCCompilerId.c" produced "a.out"

The C compiler identification is GNU, found in "/home/jinwz/FoundationPoseROS2/FoundationPoseROS2/FoundationPose/eigen-3.4.0/build/CMakeFiles/3.22.1/CompilerIdC/a.out"

Compiling the CXX compiler identification source file "CMakeCXXCompilerId.cpp" succeeded.
Compiler: /usr/bin/c++ 
Build flags: 
Id flags:  

The output was:
0


Compilation of the CXX compiler identification source "CMakeCXXCompilerId.cpp" produced "a.out"

The CXX compiler identification is GNU, found in "/home/jinwz/FoundationPoseROS2/FoundationPoseROS2/FoundationPose/eigen-3.4.0/build/CMakeFiles/3.22.1/CompilerIdCXX/a.out"

Detecting C compiler ABI info compiled with the following output:
Change Dir: /home/jinwz/FoundationPoseROS2/FoundationPoseROS2/FoundationPose/eigen-3.4.0/build/CMakeFiles/CMakeTmp

Run Build Command(s):/usr/bin/gmake -f Makefile cmTC_66d51/fast && /usr/bin/gmake  -f CMakeFiles/cmTC_66d51.dir/build.make CMakeFiles/cmTC_66d51.dir/build
gmake[1]: Entering directory '/home/jinwz/FoundationPoseROS2/FoundationPoseROS2/FoundationPose/eigen-3.4.0/build/CMakeFiles/CMakeTmp'
Building C object CMakeFiles/cmTC_66d51.dir/CMakeCCompilerABI.c.o
/usr/bin/cc   -v -o CMakeFiles/cmTC_66d51.dir/CMakeCCompilerABI.c.o -c /usr/share/cmake-3.22/Modules/CMakeCCompilerABI.c
Using built-in specs.
COLLECT_GCC=/usr/bin/cc
OFFLOAD_TARGET_NAMES=nvptx-none:amdgcn-amdhsa
OFFLOAD_TARGET_DEFAULT=1
Target: x86_64-linux-gnu
Configured with: ../src/configure -v --with-pkgversion='Ubuntu 11.4.0-1ubuntu1~22.04.3' --with-bugurl=file:///usr/share/doc/gcc-11/README.Bugs --enable-languages=c,ada,c++,go,brig,d,fortran,objc,obj-c++,m2 --prefix=/usr --with-gcc-major-version-only --program-suffix=-11 --program-prefix=x86_64-linux-gnu- --enable-shared --enable-linker-build-id --libexecdir=/usr/lib --without-included-gettext --enable-threads=posix --libdir=/usr/lib --enable-nls --enable-bootstrap --enable-clocale=gnu --enable-libstdcxx-debug --enable-libstdcxx-time=yes --with-default-libstdcxx-abi=new --enable-gnu-unique-object --disable-vtable-verify --enable-plugin --enable-default-pie --with-system-zlib --enable-libphobos-checking=release --with-target-system-zlib=auto --enable-objc-gc=auto --enable-multiarch --disable-werror --enable-cet --with-arch-32=i686 --with-abi=m64 --with-multilib-list=m32,m64,mx32 --enable-multilib --with-tune=generic --enable-offload-targets=nvptx-none=/build/gcc-11-0odw26/gcc-11-11.4.0/debian/tmp-nvptx/usr,amdgcn-amdhsa=/build/gcc-11-0odw26/gcc-11-11.4.0/debian/tmp-gcn/usr --without-cuda-driver --enable-checking=release --build=x86_64-linux-gnu --host=x86_64-linux-gnu --target=x86_64-linux-gnu --with-build-config=bootstrap-lto-lean --enable-link-serialization=2
Thread model: posix
Supported LTO compression algorithms: zlib zstd
gcc version 11.4.0 (Ubuntu 11.4.0-1ubuntu1~22.04.3) 
COLLECT_GCC_OPTIONS='-v' '-o' 'CMakeFiles/cmTC_66d51.dir/CMakeCCompilerABI.c.o' '-c' '-mtune=generic' '-march=x86-64' '-dumpdir' 'CMakeFiles/cmTC_66d51.dir/'
 /usr/lib/gcc/x86_64-linux-gnu/11/cc1 -quiet -v -imultiarch x86_64-linux-gnu /usr/share/cmake-3.22/Modules/CMakeCCompilerABI.c -quiet -dumpdir CMakeFiles/cmTC_66d51.dir/ -dumpbase CMakeCCompilerABI.c.c -dumpbase-ext .c -mtune=generic -march=x86-64 -version -fasynchronous-unwind-tables -fstack-protector-strong -Wformat -Wformat-security -fstack-clash-protection -fcf-protection -o /tmp/ccxu1Br4.s
GNU C17 (Ubuntu 11.4.0-1ubuntu1~22.04.3) version 11.4.0 (x86_64-linux-gnu)
	compiled by GNU C version 11.4.0, GMP version 6.2.1, MPFR version 4.1.0, MPC version 1.2.1, isl version isl-0.24-GMP

GGC heuristics: --param ggc-min-expand=100 --param ggc-min-heapsize=131072
ignoring nonexistent directory "/usr/local/include/x86_64-linux-gnu"
ignoring nonexistent directory "/usr/lib/gcc/x86_64-linux-gnu/11/include-fixed"
ignoring nonexistent directory "/usr/lib/gcc/x86_64-linux-gnu/11/../../../../x86_64-linux-gnu/include"
#include "..." search starts here:
#include <...> search starts here:
 /usr/lib/gcc/x86_64-linux-gnu/11/include
 /usr/local/include
 /usr/include/x86_64-linux-gnu
 /usr/include
End of search list.
GNU C17 (Ubuntu 11.4.0-1ubuntu1~22.04.3) version 11.4.0 (x86_64-linux-gnu)
	compiled by GNU C version 11.4.0, GMP version 6.2.1, MPFR version 4.1.0, MPC version 1.2.1, isl version isl-0.24-GMP

GGC heuristics: --param ggc-min-expand=100 --param ggc-min-heapsize=131072
Compiler executable checksum: 46ebede1f5b795a957a1e85cb61af9d8
COLLECT_GCC_OPTIONS='-v' '-o' 'CMakeFiles/cmTC_66d51.dir/CMakeCCompilerABI.c.o' '-c' '-mtune=generic' '-march=x86-64' '-dumpdir' 'CMakeFiles/cmTC_66d51.dir/'
 as -v --64 -o CMakeFiles/cmTC_66d51.dir/CMakeCCompilerABI.c.o /tmp/ccxu1Br4.s
GNU assembler version 2.38 (x86_64-linux-gnu) using BFD version (GNU Binutils for Ubuntu) 2.38
COMPILER_PATH=/usr/lib/gcc/x86_64-linux-gnu/11/:/usr/lib/gcc/x86_64-linux-gnu/11/:/usr/lib/gcc/x86_64-linux-gnu/:/usr/lib/gcc/x86_64-linux-gnu/11/:/usr/lib/gcc/x86_64-linux-gnu/
LIBRARY_PATH=/usr/lib/gcc/x86_64-linux-gnu/11/:/usr/lib/gcc/x86_64-linux-gnu/11/../../../x86_64-linux-gnu/:/usr/lib/gcc/x86_64-linux-gnu/11/../../../../lib/:/lib/x86_64-linux-gnu/:/lib/../lib/:/usr/lib/x86_64-linux-gnu/:/usr/lib/../lib/:/usr/lib/gcc/x86_64-linux-gnu/11/../../../:/lib/:/usr/lib/
COLLECT_GCC_OPTIONS='-v' '-o' 'CMakeFiles/cmTC_66d51.dir/CMakeCCompilerABI.c.o' '-c' '-mtune=generic' '-march=x86-64' '-dumpdir' 'CMakeFiles/cmTC_66d51.dir/CMakeCCompilerABI.c.'
Linking C executable cmTC_66d51
/usr/bin/cmake -E cmake_link_script CMakeFiles/cmTC_66d51.dir/link.txt --verbose=1
/usr/bin/cc  -v CMakeFiles/cmTC_66d51.dir/CMakeCCompilerABI.c.o -o cmTC_66d51 
Using built-in specs.
COLLECT_GCC=/usr/bin/cc
COLLECT_LTO_WRAPPER=/usr/lib/gcc/x86_64-linux-gnu/11/lto-wrapper
OFFLOAD_TARGET_NAMES=nvptx-none:amdgcn-amdhsa
OFFLOAD_TARGET_DEFAULT=1
Target: x86_64-linux-gnu
Configured with: ../src/configure -v --with-pkgversion='Ubuntu 11.4.0-1ubuntu1~22.04.3' --with-bugurl=file:///usr/share/doc/gcc-11/README.Bugs --enable-languages=c,ada,c++,go,brig,d,fortran,objc,obj-c++,m2 --prefix=/usr --with-gcc-major-version-only --program-suffix=-11 --program-prefix=x86_64-linux-gnu- --enable-shared --enable-linker-build-id --libexecdir=/usr/lib --without-included-gettext --enable-threads=posix --libdir=/usr/lib --enable-nls --enable-bootstrap --enable-clocale=gnu --enable-libstdcxx-debug --enable-libstdcxx-time=yes --with-default-libstdcxx-abi=new --enable-gnu-unique-object --disable-vtable-verify --enable-plugin --enable-default-pie --with-system-zlib --enable-libphobos-checking=release --with-target-system-zlib=auto --enable-objc-gc=auto --enable-multiarch --disable-werror --enable-cet --with-arch-32=i686 --with-abi=m64 --with-multilib-list=m32,m64,mx32 --enable-multilib --with-tune=generic --enable-offload-targets=nvptx-none=/build/gcc-11-0odw26/gcc-11-11.4.0/debian/tmp-nvptx/usr,amdgcn-amdhsa=/build/gcc-11-0odw26/gcc-11-11.4.0/debian/tmp-gcn/usr --without-cuda-driver --enable-checking=release --build=x86_64-linux-gnu --host=x86_64-linux-gnu --target=x86_64-linux-gnu --with-build-config=bootstrap-lto-lean --enable-link-serialization=2
Thread model: posix
Supported LTO compression algorithms: zlib zstd
gcc version 11.4.0 (Ubuntu 11.4.0-1ubuntu1~22.04.3) 
COMPILER_PATH=/usr/lib/gcc/x86_64-linux-gnu/11/:/usr/lib/gcc/x86_64-linux-gnu/11/:/usr/lib/gcc/x86_64-linux-gnu/:/usr/lib/gcc/x86_64-linux-gnu/11/:/usr/lib/gcc/x86_64-linux-gnu/
LIBRARY_PATH=/usr/lib/gcc/x86_64-linux-gnu/11/:/usr/lib/gcc/x86_64-linux-gnu/11/../../../x86_64-linux-gnu/:/usr/lib/gcc/x86_64-linux-gnu/11/../../../../lib/:/lib/x86_64-linux-gnu/:/lib/../lib/:/usr/lib/x86_64-linux-gnu/:/usr/lib/../lib/:/usr/lib/gcc/x86_64-linux-gnu/11/../../../:/lib/:/usr/lib/
COLLECT_GCC_OPTIONS='-v' '-o' 'cmTC_66d51' '-mtune=generic' '-march=x86-64' '-dumpdir' 'cmTC_66d51.'
 /usr/lib/gcc/x86_64-linux-gnu/11/collect2 -plugin /usr/lib/gcc/x86_64-linux-gnu/11/liblto_plugin.so -plugin-opt=/usr/lib/gcc/x86_64-linux-gnu/11/lto-wrapper -plugin-opt=-fresolution=/tmp/cckG1Kvo.res -plugin-opt=-pass-through=-lgcc -plugin-opt=-pass-through=-lgcc_s -plugin-opt=-pass-through=-lc -plugin-opt=-pass-through=-lgcc -plugin-opt=-pass-through=-lgcc_s --build-id --eh-frame-hdr -m elf_x86_64 --hash-style=gnu --as-needed -dynamic-linker /lib64/ld-linux-x86-64.so.2 -pie -z now -z relro -o cmTC_66d51 /usr/lib/gcc/x86_64-linux-gnu/11/../../../x86_64-linux-gnu/Scrt1.o /usr/lib/gcc/x86_64-linux-gnu/11/../../../x86_64-linux-gnu/crti.o /usr/lib/gcc/x86_64-linux-gnu/11/crtbeginS.o -L/usr/lib/gcc/x86_64-linux-gnu/11 -L/usr/lib/gcc/x86_64-linux-gnu/11/../../../x86_64-linux-gnu -L/usr/lib/gcc/x86_64-linux-gnu/11/../../../../lib -L/lib/x86_64-linux-gnu -L/lib/../lib -L/usr/lib/x86_64-linux-gnu -L/usr/lib/../lib -L/usr/lib/gcc/x86_64-linux-gnu/11/../../.. CMakeFiles/cmTC_66d51.dir/CMakeCCompilerABI.c.o -lgcc --push-state --as-needed -lgcc_s --pop-state -lc -lgcc --push-state --as-needed -lgcc_s --pop-state /usr/lib/gcc/x86_64-linux-gnu/11/crtendS.o /usr/lib/gcc/x86_64-linux-gnu/11/../../../x86_64-linux-gnu/crtn.o
COLLECT_GCC_OPTIONS='-v' '-o' 'cmTC_66d51' '-mtune=generic' '-march=x86-64' '-dumpdir' 'cmTC_66d51.'
gmake[1]: Leaving directory '/home/jinwz/FoundationPoseROS2/FoundationPoseROS2/FoundationPose/eigen-3.4.0/build/CMakeFiles/CMakeTmp'



Parsed C implicit include dir info from above output: rv=done
  found start of include info
  found start of implicit include info
    add: [/usr/lib/gcc/x86_64-linux-gnu/11/include]
    add: [/usr/local/include]
    add: [/usr/include/x86_64-linux-gnu]
    add: [/usr/include]
  end of search list found
  collapse include dir [/usr/lib/gcc/x86_64-linux-gnu/11/include] ==> [/usr/lib/gcc/x86_64-linux-gnu/11/include]
  collapse include dir [/usr/local/include] ==> [/usr/local/include]
  collapse include dir [/usr/include/x86_64-linux-gnu] ==> [/usr/include/x86_64-linux-gnu]
  collapse include dir [/usr/include] ==> [/usr/include]
  implicit include dirs: [/usr/lib/gcc/x86_64-linux-gnu/11/include;/usr/local/include;/usr/include/x86_64-linux-gnu;/usr/include]


Parsed C implicit link information from above output:
  link line regex: [^( *|.*[/\])(ld|CMAKE_LINK_STARTFILE-NOTFOUND|([^/\]+-)?ld|collect2)[^/\]*( |$)]
  ignore line: [Change Dir: /home/jinwz/FoundationPoseROS2/FoundationPoseROS2/FoundationPose/eigen-3.4.0/build/CMakeFiles/CMakeTmp]
  ignore line: []
  ignore line: [Run Build Command(s):/usr/bin/gmake -f Makefile cmTC_66d51/fast && /usr/bin/gmake  -f CMakeFiles/cmTC_66d51.dir/build.make CMakeFiles/cmTC_66d51.dir/build]
  ignore line: [gmake[1]: Entering directory '/home/jinwz/FoundationPoseROS2/FoundationPoseROS2/FoundationPose/eigen-3.4.0/build/CMakeFiles/CMakeTmp']
  ignore line: [Building C object CMakeFiles/cmTC_66d51.dir/CMakeCCompilerABI.c.o]
  ignore line: [/usr/bin/cc   -v -o CMakeFiles/cmTC_66d51.dir/CMakeCCompilerABI.c.o -c /usr/share/cmake-3.22/Modules/CMakeCCompilerABI.c]
  ignore line: [Using built-in specs.]
  ignore line: [COLLECT_GCC=/usr/bin/cc]
  ignore line: [OFFLOAD_TARGET_NAMES=nvptx-none:amdgcn-amdhsa]
  ignore line: [OFFLOAD_TARGET_DEFAULT=1]
  ignore line: [Target: x86_64-linux-gnu]
  ignore line: [Configured with: ../src/configure -v --with-pkgversion='Ubuntu 11.4.0-1ubuntu1~22.04.3' --with-bugurl=file:///usr/share/doc/gcc-11/README.Bugs --enable-languages=c ada c++ go brig d fortran objc obj-c++ m2 --prefix=/usr --with-gcc-major-version-only --program-suffix=-11 --program-prefix=x86_64-linux-gnu- --enable-shared --enable-linker-build-id --libexecdir=/usr/lib --without-included-gettext --enable-threads=posix --libdir=/usr/lib --enable-nls --enable-bootstrap --enable-clocale=gnu --enable-libstdcxx-debug --enable-libstdcxx-time=yes --with-default-libstdcxx-abi=new --enable-gnu-unique-object --disable-vtable-verify --enable-plugin --enable-default-pie --with-system-zlib --enable-libphobos-checking=release --with-target-system-zlib=auto --enable-objc-gc=auto --enable-multiarch --disable-werror --enable-cet --with-arch-32=i686 --with-abi=m64 --with-multilib-list=m32 m64 mx32 --enable-multilib --with-tune=generic --enable-offload-targets=nvptx-none=/build/gcc-11-0odw26/gcc-11-11.4.0/debian/tmp-nvptx/usr amdgcn-amdhsa=/build/gcc-11-0odw26/gcc-11-11.4.0/debian/tmp-gcn/usr --without-cuda-driver --enable-checking=release --build=x86_64-linux-gnu --host=x86_64-linux-gnu --target=x86_64-linux-gnu --with-build-config=bootstrap-lto-lean --enable-link-serialization=2]
  ignore line: [Thread model: posix]
  ignore line: [Supported LTO compression algorithms: zlib zstd]
  ignore line: [gcc version 11.4.0 (Ubuntu 11.4.0-1ubuntu1~22.04.3) ]
  ignore line: [COLLECT_GCC_OPTIONS='-v' '-o' 'CMakeFiles/cmTC_66d51.dir/CMakeCCompilerABI.c.o' '-c' '-mtune=generic' '-march=x86-64' '-dumpdir' 'CMakeFiles/cmTC_66d51.dir/']
  ignore line: [ /usr/lib/gcc/x86_64-linux-gnu/11/cc1 -quiet -v -imultiarch x86_64-linux-gnu /usr/share/cmake-3.22/Modules/CMakeCCompilerABI.c -quiet -dumpdir CMakeFiles/cmTC_66d51.dir/ -dumpbase CMakeCCompilerABI.c.c -dumpbase-ext .c -mtune=generic -march=x86-64 -version -fasynchronous-unwind-tables -fstack-protector-strong -Wformat -Wformat-security -fstack-clash-protection -fcf-protection -o /tmp/ccxu1Br4.s]
  ignore line: [GNU C17 (Ubuntu 11.4.0-1ubuntu1~22.04.3) version 11.4.0 (x86_64-linux-gnu)]
  ignore line: [	compiled by GNU C version 11.4.0  GMP version 6.2.1  MPFR version 4.1.0  MPC version 1.2.1  isl version isl-0.24-GMP]
  ignore line: []
  ignore line: [GGC heuristics: --param ggc-min-expand=100 --param ggc-min-heapsize=131072]
  ignore line: [ignoring nonexistent directory "/usr/local/include/x86_64-linux-gnu"]
  ignore line: [ignoring nonexistent directory "/usr/lib/gcc/x86_64-linux-gnu/11/include-fixed"]
  ignore line: [ignoring nonexistent directory "/usr/lib/gcc/x86_64-linux-gnu/11/../../../../x86_64-linux-gnu/include"]
  ignore line: [#include "..." search starts here:]
  ignore line: [#include <...> search starts here:]
  ignore line: [ /usr/lib/gcc/x86_64-linux-gnu/11/include]
  ignore line: [ /usr/local/include]
  ignore line: [ /usr/include/x86_64-linux-gnu]
  ignore line: [ /usr/include]
  ignore line: [End of search list.]
  ignore line: [GNU C17 (Ubuntu 11.4.0-1ubuntu1~22.04.3) version 11.4.0 (x86_64-linux-gnu)]
  ignore line: [	compiled by GNU C version 11.4.0  GMP version 6.2.1  MPFR version 4.1.0  MPC version 1.2.1  isl version isl-0.24-GMP]
  ignore line: []
  ignore line: [GGC heuristics: --param ggc-min-expand=100 --param ggc-min-heapsize=131072]
  ignore line: [Compiler executable checksum: 46ebede1f5b795a957a1e85cb61af9d8]
  ignore line: [COLLECT_GCC_OPTIONS='-v' '-o' 'CMakeFiles/cmTC_66d51.dir/CMakeCCompilerABI.c.o' '-c' '-mtune=generic' '-march=x86-64' '-dumpdir' 'CMakeFiles/cmTC_66d51.dir/']
  ignore line: [ as -v --64 -o CMakeFiles/cmTC_66d51.dir/CMakeCCompilerABI.c.o /tmp/ccxu1Br4.s]
  ignore line: [GNU assembler version 2.38 (x86_64-linux-gnu) using BFD version (GNU Binutils for Ubuntu) 2.38]
  ignore line: [COMPILER_PATH=/usr/lib/gcc/x86_64-linux-gnu/11/:/usr/lib/gcc/x86_64-linux-gnu/11/:/usr/lib/gcc/x86_64-linux-gnu/:/usr/lib/gcc/x86_64-linux-gnu/11/:/usr/lib/gcc/x86_64-linux-gnu/]
  ignore line: [LIBRARY_PATH=/usr/lib/gcc/x86_64-linux-gnu/11/:/usr/lib/gcc/x86_64-linux-gnu/11/../../../x86_64-linux-gnu/:/usr/lib/gcc/x86_64-linux-gnu/11/../../../../lib/:/lib/x86_64-linux-gnu/:/lib/../lib/:/usr/lib/x86_64-linux-gnu/:/usr/lib/../lib/:/usr/lib/gcc/x86_64-linux-gnu/11/../../../:/lib/:/usr/lib/]
  ignore line: [COLLECT_GCC_OPTIONS='-v' '-o' 'CMakeFiles/cmTC_66d51.dir/CMakeCCompilerABI.c.o' '-c' '-mtune=generic' '-march=x86-64' '-dumpdir' 'CMakeFiles/cmTC_66d51.dir/CMakeCCompilerABI.c.']
  ignore line: [Linking C executable cmTC_66d51]
  ignore line: [/usr/bin/cmake -E cmake_link_script CMakeFiles/cmTC_66d51.dir/link.txt --verbose=1]
  ignore line: [/usr/bin/cc  -v CMakeFiles/cmTC_66d51.dir/CMakeCCompilerABI.c.o -o cmTC_66d51 ]
  ignore line: [Using built-in specs.]
  ignore line: [COLLECT_GCC=/usr/bin/cc]
  ignore line: [COLLECT_LTO_WRAPPER=/usr/lib/gcc/x86_64-linux-gnu/11/lto-wrapper]
  ignore line: [OFFLOAD_TARGET_NAMES=nvptx-none:amdgcn-amdhsa]
  ignore line: [OFFLOAD_TARGET_DEFAULT=1]
  ignore line: [Target: x86_64-linux-gnu]
  ignore line: [Configured with: ../src/configure -v --with-pkgversion='Ubuntu 11.4.0-1ubuntu1~22.04.3' --with-bugurl=file:///usr/share/doc/gcc-11/README.Bugs --enable-languages=c ada c++ go brig d fortran objc obj-c++ m2 --prefix=/usr --with-gcc-major-version-only --program-suffix=-11 --program-prefix=x86_64-linux-gnu- --enable-shared --enable-linker-build-id --libexecdir=/usr/lib --without-included-gettext --enable-threads=posix --libdir=/usr/lib --enable-nls --enable-bootstrap --enable-clocale=gnu --enable-libstdcxx-debug --enable-libstdcxx-time=yes --with-default-libstdcxx-abi=new --enable-gnu-unique-object --disable-vtable-verify --enable-plugin --enable-default-pie --with-system-zlib --enable-libphobos-checking=release --with-target-system-zlib=auto --enable-objc-gc=auto --enable-multiarch --disable-werror --enable-cet --with-arch-32=i686 --with-abi=m64 --with-multilib-list=m32 m64 mx32 --enable-multilib --with-tune=generic --enable-offload-targets=nvptx-none=/build/gcc-11-0odw26/gcc-11-11.4.0/debian/tmp-nvptx/usr amdgcn-amdhsa=/build/gcc-11-0odw26/gcc-11-11.4.0/debian/tmp-gcn/usr --without-cuda-driver --enable-checking=release --build=x86_64-linux-gnu --host=x86_64-linux-gnu --target=x86_64-linux-gnu --with-build-config=bootstrap-lto-lean --enable-link-serialization=2]
  ignore line: [Thread model: posix]
  ignore line: [Supported LTO compression algorithms: zlib zstd]
  ignore line: [gcc version 11.4.0 (Ubuntu 11.4.0-1ubuntu1~22.04.3) ]
  ignore line: [COMPILER_PATH=/usr/lib/gcc/x86_64-linux-gnu/11/:/usr/lib/gcc/x86_64-linux-gnu/11/:/usr/lib/gcc/x86_64-linux-gnu/:/usr/lib/gcc/x86_64-linux-gnu/11/:/usr/lib/gcc/x86_64-linux-gnu/]
  ignore line: [LIBRARY_PATH=/usr/lib/gcc/x86_64-linux-gnu/11/:/usr/lib/gcc/x86_64-linux-gnu/11/../../../x86_64-linux-gnu/:/usr/lib/gcc/x86_64-linux-gnu/11/../../../../lib/:/lib/x86_64-linux-gnu/:/lib/../lib/:/usr/lib/x86_64-linux-gnu/:/usr/lib/../lib/:/usr/lib/gcc/x86_64-linux-gnu/11/../../../:/lib/:/usr/lib/]
  ignore line: [COLLECT_GCC_OPTIONS='-v' '-o' 'cmTC_66d51' '-mtune=generic' '-march=x86-64' '-dumpdir' 'cmTC_66d51.']
  link line: [ /usr/lib/gcc/x86_64-linux-gnu/11/collect2 -plugin /usr/lib/gcc/x86_64-linux-gnu/11/liblto_plugin.so -plugin-opt=/usr/lib/gcc/x86_64-linux-gnu/11/lto-wrapper -plugin-opt=-fresolution=/tmp/cckG1Kvo.res -plugin-opt=-pass-through=-lgcc -plugin-opt=-pass-through=-lgcc_s -plugin-opt=-pass-through=-lc -plugin-opt=-pass-through=-lgcc -plugin-opt=-pass-through=-lgcc_s --build-id --eh-frame-hdr -m elf_x86_64 --hash-style=gnu --as-needed -dynamic-linker /lib64/ld-linux-x86-64.so.2 -pie -z now -z relro -o cmTC_66d51 /usr/lib/gcc/x86_64-linux-gnu/11/../../../x86_64-linux-gnu/Scrt1.o /usr/lib/gcc/x86_64-linux-gnu/11/../../../x86_64-linux-gnu/crti.o /usr/lib/gcc/x86_64-linux-gnu/11/crtbeginS.o -L/usr/lib/gcc/x86_64-linux-gnu/11 -L/usr/lib/gcc/x86_64-linux-gnu/11/../../../x86_64-linux-gnu -L/usr/lib/gcc/x86_64-linux-gnu/11/../../../../lib -L/lib/x86_64-linux-gnu -L/lib/../lib -L/usr/lib/x86_64-linux-gnu -L/usr/lib/../lib -L/usr/lib/gcc/x86_64-linux-gnu/11/../../.. CMakeFiles/cmTC_66d51.dir/CMakeCCompilerABI.c.o -lgcc --push-state --as-needed -lgcc_s --pop-state -lc -lgcc --push-state --as-needed -lgcc_s --pop-state /usr/lib/gcc/x86_64-linux-gnu/11/crtendS.o /usr/lib/gcc/x86_64-linux-gnu/11/../../../x86_64-linux-gnu/crtn.o]
    arg [/usr/lib/gcc/x86_64-linux-gnu/11/collect2] ==> ignore
    arg [-plugin] ==> ignore
    arg [/usr/lib/gcc/x86_64-linux-gnu/11/liblto_plugin.so] ==> ignore
    arg [-plugin-opt=/usr/lib/gcc/x86_64-linux-gnu/11/lto-wrapper] ==> ignore
    arg [-plugin-opt=-fresolution=/tmp/cckG1Kvo.res] ==> ignore
    arg [-plugin-opt=-pass-through=-lgcc] ==> ignore
    arg [-plugin-opt=-pass-through=-lgcc_s] ==> ignore
    arg [-plugin-opt=-pass-through=-lc] ==> ignore
    arg [-plugin-opt=-pass-through=-lgcc] ==> ignore
    arg [-plugin-opt=-pass-through=-lgcc_s] ==> ignore
    arg [--build-id] ==> ignore
    arg [--eh-frame-hdr] ==> ignore
    arg [-m] ==> ignore
    arg [elf_x86_64] ==> ignore
    arg [--hash-style=gnu] ==> ignore
    arg [--as-needed] ==> ignore
    arg [-dynamic-linker] ==> ignore
    arg [/lib64/ld-linux-x86-64.so.2] ==> ignore
    arg [-pie] ==> ignore
    arg [-znow] ==> ignore
    arg [-zrelro] ==> ignore
    arg [-o] ==> ignore
    arg [cmTC_66d51] ==> ignore
    arg [/usr/lib/gcc/x86_64-linux-gnu/11/../../../x86_64-linux-gnu/Scrt1.o] ==> obj [/usr/lib/gcc/x86_64-linux-gnu/11/../../../x86_64-linux-gnu/Scrt1.o]
    arg [/usr/lib/gcc/x86_64-linux-gnu/11/../../../x86_64-linux-gnu/crti.o] ==> obj [/usr/lib/gcc/x86_64-linux-gnu/11/../../../x86_64-linux-gnu/crti.o]
    arg [/usr/lib/gcc/x86_64-linux-gnu/11/crtbeginS.o] ==> obj [/usr/lib/gcc/x86_64-linux-gnu/11/crtbeginS.o]
    arg [-L/usr/lib/gcc/x86_64-linux-gnu/11] ==> dir [/usr/lib/gcc/x86_64-linux-gnu/11]
    arg [-L/usr/lib/gcc/x86_64-linux-gnu/11/../../../x86_64-linux-gnu] ==> dir [/usr/lib/gcc/x86_64-linux-gnu/11/../../../x86_64-linux-gnu]
    arg [-L/usr/lib/gcc/x86_64-linux-gnu/11/../../../../lib] ==> dir [/usr/lib/gcc/x86_64-linux-gnu/11/../../../../lib]
    arg [-L/lib/x86_64-linux-gnu] ==> dir [/lib/x86_64-linux-gnu]
    arg [-L/lib/../lib] ==> dir [/lib/../lib]
    arg [-L/usr/lib/x86_64-linux-gnu] ==> dir [/usr/lib/x86_64-linux-gnu]
    arg [-L/usr/lib/../lib] ==> dir [/usr/lib/../lib]
    arg [-L/usr/lib/gcc/x86_64-linux-gnu/11/../../..] ==> dir [/usr/lib/gcc/x86_64-linux-gnu/11/../../..]
    arg [CMakeFiles/cmTC_66d51.dir/CMakeCCompilerABI.c.o] ==> ignore
    arg [-lgcc] ==> lib [gcc]
    arg [--push-state] ==> ignore
    arg [--as-needed] ==> ignore
    arg [-lgcc_s] ==> lib [gcc_s]
    arg [--pop-state] ==> ignore
    arg [-lc] ==> lib [c]
    arg [-lgcc] ==> lib [gcc]
    arg [--push-state] ==> ignore
    arg [--as-needed] ==> ignore
    arg [-lgcc_s] ==> lib [gcc_s]
    arg [--pop-state] ==> ignore
    arg [/usr/lib/gcc/x86_64-linux-gnu/11/crtendS.o] ==> obj [/usr/lib/gcc/x86_64-linux-gnu/11/crtendS.o]
    arg [/usr/lib/gcc/x86_64-linux-gnu/11/../../../x86_64-linux-gnu/crtn.o] ==> obj [/usr/lib/gcc/x86_64-linux-gnu/11/../../../x86_64-linux-gnu/crtn.o]
  collapse obj [/usr/lib/gcc/x86_64-linux-gnu/11/../../../x86_64-linux-gnu/Scrt1.o] ==> [/usr/lib/x86_64-linux-gnu/Scrt1.o]
  collapse obj [/usr/lib/gcc/x86_64-linux-gnu/11/../../../x86_64-linux-gnu/crti.o] ==> [/usr/lib/x86_64-linux-gnu/crti.o]
  collapse obj [/usr/lib/gcc/x86_64-linux-gnu/11/../../../x86_64-linux-gnu/crtn.o] ==> [/usr/lib/x86_64-linux-gnu/crtn.o]
  collapse library dir [/usr/lib/gcc/x86_64-linux-gnu/11] ==> [/usr/lib/gcc/x86_64-linux-gnu/11]
  collapse library dir [/usr/lib/gcc/x86_64-linux-gnu/11/../../../x86_64-linux-gnu] ==> [/usr/lib/x86_64-linux-gnu]
  collapse library dir [/usr/lib/gcc/x86_64-linux-gnu/11/../../../../lib] ==> [/usr/lib]
  collapse library dir [/lib/x86_64-linux-gnu] ==> [/lib/x86_64-linux-gnu]
  collapse library dir [/lib/../lib] ==> [/lib]
  collapse library dir [/usr/lib/x86_64-linux-gnu] ==> [/usr/lib/x86_64-linux-gnu]
  collapse library dir [/usr/lib/../lib] ==> [/usr/lib]
  collapse library dir [/usr/lib/gcc/x86_64-linux-gnu/11/../../..] ==> [/usr/lib]
  implicit libs: [gcc;gcc_s;c;gcc;gcc_s]
  implicit objs: [/usr/lib/x86_64-linux-gnu/Scrt1.o;/usr/lib/x86_64-linux-gnu/crti.o;/usr/lib/gcc/x86_64-linux-gnu/11/crtbeginS.o;/usr/lib/gcc/x86_64-linux-gnu/11/crtendS.o;/usr/lib/x86_64-linux-gnu/crtn.o]
  implicit dirs: [/usr/lib/gcc/x86_64-linux-gnu/11;/usr/lib/x86_64-linux-gnu;/usr/lib;/lib/x86_64-linux-gnu;/lib]
  implicit fwks: []


Detecting CXX compiler ABI info compiled with the following output:
Change Dir: /home/jinwz/FoundationPoseROS2/FoundationPoseROS2/FoundationPose/eigen-3.4.0/build/CMakeFiles/CMakeTmp

Run Build Command(s):/usr/bin/gmake -f Makefile cmTC_307ec/fast && /usr/bin/gmake  -f CMakeFiles/cmTC_307ec.dir/build.make CMakeFiles/cmTC_307ec.dir/build
gmake[1]: Entering directory '/home/jinwz/FoundationPoseROS2/FoundationPoseROS2/FoundationPose/eigen-3.4.0/build/CMakeFiles/CMakeTmp'
Building CXX object CMakeFiles/cmTC_307ec.dir/CMakeCXXCompilerABI.cpp.o
/usr/bin/c++   -v -o CMakeFiles/cmTC_307ec.dir/CMakeCXXCompilerABI.cpp.o -c /usr/share/cmake-3.22/Modules/CMakeCXXCompilerABI.cpp
Using built-in specs.
COLLECT_GCC=/usr/bin/c++
OFFLOAD_TARGET_NAMES=nvptx-none:amdgcn-amdhsa
OFFLOAD_TARGET_DEFAULT=1
Target: x86_64-linux-gnu
Configured with: ../src/configure -v --with-pkgversion='Ubuntu 11.4.0-1ubuntu1~22.04.3' --with-bugurl=file:///usr/share/doc/gcc-11/README.Bugs --enable-languages=c,ada,c++,go,brig,d,fortran,objc,obj-c++,m2 --prefix=/usr --with-gcc-major-version-only --program-suffix=-11 --program-prefix=x86_64-linux-gnu- --enable-shared --enable-linker-build-id --libexecdir=/usr/lib --without-included-gettext --enable-threads=posix --libdir=/usr/lib --enable-nls --enable-bootstrap --enable-clocale=gnu --enable-libstdcxx-debug --enable-libstdcxx-time=yes --with-default-libstdcxx-abi=new --enable-gnu-unique-object --disable-vtable-verify --enable-plugin --enable-default-pie --with-system-zlib --enable-libphobos-checking=release --with-target-system-zlib=auto --enable-objc-gc=auto --enable-multiarch --disable-werror --enable-cet --with-arch-32=i686 --with-abi=m64 --with-multilib-list=m32,m64,mx32 --enable-multilib --with-tune=generic --enable-offload-targets=nvptx-none=/build/gcc-11-0odw26/gcc-11-11.4.0/debian/tmp-nvptx/usr,amdgcn-amdhsa=/build/gcc-11-0odw26/gcc-11-11.4.0/debian/tmp-gcn/usr --without-cuda-driver --enable-checking=release --build=x86_64-linux-gnu --host=x86_64-linux-gnu --target=x86_64-linux-gnu --with-build-config=bootstrap-lto-lean --enable-link-serialization=2
Thread model: posix
Supported LTO compression algorithms: zlib zstd
gcc version 11.4.0 (Ubuntu 11.4.0-1ubuntu1~22.04.3) 
COLLECT_GCC_OPTIONS='-v' '-o' 'CMakeFiles/cmTC_307ec.dir/CMakeCXXCompilerABI.cpp.o' '-c' '-shared-libgcc' '-mtune=generic' '-march=x86-64' '-dumpdir' 'CMakeFiles/cmTC_307ec.dir/'
 /usr/lib/gcc/x86_64-linux-gnu/11/cc1plus -quiet -v -imultiarch x86_64-linux-gnu -D_GNU_SOURCE /usr/share/cmake-3.22/Modules/CMakeCXXCompilerABI.cpp -quiet -dumpdir CMakeFiles/cmTC_307ec.dir/ -dumpbase CMakeCXXCompilerABI.cpp.cpp -dumpbase-ext .cpp -mtune=generic -march=x86-64 -version -fasynchronous-unwind-tables -fstack-protector-strong -Wformat -Wformat-security -fstack-clash-protection -fcf-protection -o /tmp/ccpCMvt7.s
GNU C++17 (Ubuntu 11.4.0-1ubuntu1~22.04.3) version 11.4.0 (x86_64-linux-gnu)
	compiled by GNU C version 11.4.0, GMP version 6.2.1, MPFR version 4.1.0, MPC version 1.2.1, isl version isl-0.24-GMP

GGC heuristics: --param ggc-min-expand=100 --param ggc-min-heapsize=131072
ignoring duplicate directory "/usr/include/x86_64-linux-gnu/c++/11"
ignoring nonexistent directory "/usr/local/include/x86_64-linux-gnu"
ignoring nonexistent directory "/usr/lib/gcc/x86_64-linux-gnu/11/include-fixed"
ignoring nonexistent directory "/usr/lib/gcc/x86_64-linux-gnu/11/../../../../x86_64-linux-gnu/include"
#include "..." search starts here:
#include <...> search starts here:
 /usr/include/c++/11
 /usr/include/x86_64-linux-gnu/c++/11
 /usr/include/c++/11/backward
 /usr/lib/gcc/x86_64-linux-gnu/11/include
 /usr/local/include
 /usr/include/x86_64-linux-gnu
 /usr/include
End of search list.
GNU C++17 (Ubuntu 11.4.0-1ubuntu1~22.04.3) version 11.4.0 (x86_64-linux-gnu)
	compiled by GNU C version 11.4.0, GMP version 6.2.1, MPFR version 4.1.0, MPC version 1.2.1, isl version isl-0.24-GMP

GGC heuristics: --param ggc-min-expand=100 --param ggc-min-heapsize=131072
Compiler executable checksum: ac7fa628ee459f217e6fdb88b3db0bde
COLLECT_GCC_OPTIONS='-v' '-o' 'CMakeFiles/cmTC_307ec.dir/CMakeCXXCompilerABI.cpp.o' '-c' '-shared-libgcc' '-mtune=generic' '-march=x86-64' '-dumpdir' 'CMakeFiles/cmTC_307ec.dir/'
 as -v --64 -o CMakeFiles/cmTC_307ec.dir/CMakeCXXCompilerABI.cpp.o /tmp/ccpCMvt7.s
GNU assembler version 2.38 (x86_64-linux-gnu) using BFD version (GNU Binutils for Ubuntu) 2.38
COMPILER_PATH=/usr/lib/gcc/x86_64-linux-gnu/11/:/usr/lib/gcc/x86_64-linux-gnu/11/:/usr/lib/gcc/x86_64-linux-gnu/:/usr/lib/gcc/x86_64-linux-gnu/11/:/usr/lib/gcc/x86_64-linux-gnu/
LIBRARY_PATH=/usr/lib/gcc/x86_64-linux-gnu/11/:/usr/lib/gcc/x86_64-linux-gnu/11/../../../x86_64-linux-gnu/:/usr/lib/gcc/x86_64-linux-gnu/11/../../../../lib/:/lib/x86_64-linux-gnu/:/lib/../lib/:/usr/lib/x86_64-linux-gnu/:/usr/lib/../lib/:/usr/lib/gcc/x86_64-linux-gnu/11/../../../:/lib/:/usr/lib/
COLLECT_GCC_OPTIONS='-v' '-o' 'CMakeFiles/cmTC_307ec.dir/CMakeCXXCompilerABI.cpp.o' '-c' '-shared-libgcc' '-mtune=generic' '-march=x86-64' '-dumpdir' 'CMakeFiles/cmTC_307ec.dir/CMakeCXXCompilerABI.cpp.'
Linking CXX executable cmTC_307ec
/usr/bin/cmake -E cmake_link_script CMakeFiles/cmTC_307ec.dir/link.txt --verbose=1
/usr/bin/c++  -v CMakeFiles/cmTC_307ec.dir/CMakeCXXCompilerABI.cpp.o -o cmTC_307ec 
Using built-in specs.
COLLECT_GCC=/usr/bin/c++
COLLECT_LTO_WRAPPER=/usr/lib/gcc/x86_64-linux-gnu/11/lto-wrapper
OFFLOAD_TARGET_NAMES=nvptx-none:amdgcn-amdhsa
OFFLOAD_TARGET_DEFAULT=1
Target: x86_64-linux-gnu
Configured with: ../src/configure -v --with-pkgversion='Ubuntu 11.4.0-1ubuntu1~22.04.3' --with-bugurl=file:///usr/share/doc/gcc-11/README.Bugs --enable-languages=c,ada,c++,go,brig,d,fortran,objc,obj-c++,m2 --prefix=/usr --with-gcc-major-version-only --program-suffix=-11 --program-prefix=x86_64-linux-gnu- --enable-shared --enable-linker-build-id --libexecdir=/usr/lib --without-included-gettext --enable-threads=posix --libdir=/usr/lib --enable-nls --enable-bootstrap --enable-clocale=gnu --enable-libstdcxx-debug --enable-libstdcxx-time=yes --with-default-libstdcxx-abi=new --enable-gnu-unique-object --disable-vtable-verify --enable-plugin --enable-default-pie --with-system-zlib --enable-libphobos-checking=release --with-target-system-zlib=auto --enable-objc-gc=auto --enable-multiarch --disable-werror --enable-cet --with-arch-32=i686 --with-abi=m64 --with-multilib-list=m32,m64,mx32 --enable-multilib --with-tune=generic --enable-offload-targets=nvptx-none=/build/gcc-11-0odw26/gcc-11-11.4.0/debian/tmp-nvptx/usr,amdgcn-amdhsa=/build/gcc-11-0odw26/gcc-11-11.4.0/debian/tmp-gcn/usr --without-cuda-driver --enable-checking=release --build=x86_64-linux-gnu --host=x86_64-linux-gnu --target=x86_64-linux-gnu --with-build-config=bootstrap-lto-lean --enable-link-serialization=2
Thread model: posix
Supported LTO compression algorithms: zlib zstd
gcc version 11.4.0 (Ubuntu 11.4.0-1ubuntu1~22.04.3) 
COMPILER_PATH=/usr/lib/gcc/x86_64-linux-gnu/11/:/usr/lib/gcc/x86_64-linux-gnu/11/:/usr/lib/gcc/x86_64-linux-gnu/:/usr/lib/gcc/x86_64-linux-gnu/11/:/usr/lib/gcc/x86_64-linux-gnu/
LIBRARY_PATH=/usr/lib/gcc/x86_64-linux-gnu/11/:/usr/lib/gcc/x86_64-linux-gnu/11/../../../x86_64-linux-gnu/:/usr/lib/gcc/x86_64-linux-gnu/11/../../../../lib/:/lib/x86_64-linux-gnu/:/lib/../lib/:/usr/lib/x86_64-linux-gnu/:/usr/lib/../lib/:/usr/lib/gcc/x86_64-linux-gnu/11/../../../:/lib/:/usr/lib/
COLLECT_GCC_OPTIONS='-v' '-o' 'cmTC_307ec' '-shared-libgcc' '-mtune=generic' '-march=x86-64' '-dumpdir' 'cmTC_307ec.'
 /usr/lib/gcc/x86_64-linux-gnu/11/collect2 -plugin /usr/lib/gcc/x86_64-linux-gnu/11/liblto_plugin.so -plugin-opt=/usr/lib/gcc/x86_64-linux-gnu/11/lto-wrapper -plugin-opt=-fresolution=/tmp/ccJdQqDz.res -plugin-opt=-pass-through=-lgcc_s -plugin-opt=-pass-through=-lgcc -plugin-opt=-pass-through=-lc -plugin-opt=-pass-through=-lgcc_s -plugin-opt=-pass-through=-lgcc --build-id --eh-frame-hdr -m elf_x86_64 --hash-style=gnu --as-needed -dynamic-linker /lib64/ld-linux-x86-64.so.2 -pie -z now -z relro -o cmTC_307ec /usr/lib/gcc/x86_64-linux-gnu/11/../../../x86_64-linux-gnu/Scrt1.o /usr/lib/gcc/x86_64-linux-gnu/11/../../../x86_64-linux-gnu/crti.o /usr/lib/gcc/x86_64-linux-gnu/11/crtbeginS.o -L/usr/lib/gcc/x86_64-linux-gnu/11 -L/usr/lib/gcc/x86_64-linux-gnu/11/../../../x86_64-linux-gnu -L/usr/lib/gcc/x86_64-linux-gnu/11/../../../../lib -L/lib/x86_64-linux-gnu -L/lib/../lib -L/usr/lib/x86_64-linux-gnu -L/usr/lib/../lib -L/usr/lib/gcc/x86_64-linux-gnu/11/../../.. CMakeFiles/cmTC_307ec.dir/CMakeCXXCompilerABI.cpp.o -lstdc++ -lm -lgcc_s -lgcc -lc -lgcc_s -lgcc /usr/lib/gcc/x86_64-linux-gnu/11/crtendS.o /usr/lib/gcc/x86_64-linux-gnu/11/../../../x86_64-linux-gnu/crtn.o
COLLECT_GCC_OPTIONS='-v' '-o' 'cmTC_307ec' '-shared-libgcc' '-mtune=generic' '-march=x86-64' '-dumpdir' 'cmTC_307ec.'
gmake[1]: Leaving directory '/home/jinwz/FoundationPoseROS2/FoundationPoseROS2/FoundationPose/eigen-3.4.0/build/CMakeFiles/CMakeTmp'



Parsed CXX implicit include dir info from above output: rv=done
  found start of include info
  found start of implicit include info
    add: [/usr/include/c++/11]
    add: [/usr/include/x86_64-linux-gnu/c++/11]
    add: [/usr/include/c++/11/backward]
    add: [/usr/lib/gcc/x86_64-linux-gnu/11/include]
    add: [/usr/local/include]
    add: [/usr/include/x86_64-linux-gnu]
    add: [/usr/include]
  end of search list found
  collapse include dir [/usr/include/c++/11] ==> [/usr/include/c++/11]
  collapse include dir [/usr/include/x86_64-linux-gnu/c++/11] ==> [/usr/include/x86_64-linux-gnu/c++/11]
  collapse include dir [/usr/include/c++/11/backward] ==> [/usr/include/c++/11/backward]
  collapse include dir [/usr/lib/gcc/x86_64-linux-gnu/11/include] ==> [/usr/lib/gcc/x86_64-linux-gnu/11/include]
  collapse include dir [/usr/local/include] ==> [/usr/local/include]
  collapse include dir [/usr/include/x86_64-linux-gnu] ==> [/usr/include/x86_64-linux-gnu]
  collapse include dir [/usr/include] ==> [/usr/include]
  implicit include dirs: [/usr/include/c++/11;/usr/include/x86_64-linux-gnu/c++/11;/usr/include/c++/11/backward;/usr/lib/gcc/x86_64-linux-gnu/11/include;/usr/local/include;/usr/include/x86_64-linux-gnu;/usr/include]


Parsed CXX implicit link information from above output:
  link line regex: [^( *|.*[/\])(ld|CMAKE_LINK_STARTFILE-NOTFOUND|([^/\]+-)?ld|collect2)[^/\]*( |$)]
  ignore line: [Change Dir: /home/jinwz/FoundationPoseROS2/FoundationPoseROS2/FoundationPose/eigen-3.4.0/build/CMakeFiles/CMakeTmp]
  ignore line: []
  ignore line: [Run Build Command(s):/usr/bin/gmake -f Makefile cmTC_307ec/fast && /usr/bin/gmake  -f CMakeFiles/cmTC_307ec.dir/build.make CMakeFiles/cmTC_307ec.dir/build]
  ignore line: [gmake[1]: Entering directory '/home/jinwz/FoundationPoseROS2/FoundationPoseROS2/FoundationPose/eigen-3.4.0/build/CMakeFiles/CMakeTmp']
  ignore line: [Building CXX object CMakeFiles/cmTC_307ec.dir/CMakeCXXCompilerABI.cpp.o]
  ignore line: [/usr/bin/c++   -v -o CMakeFiles/cmTC_307ec.dir/CMakeCXXCompilerABI.cpp.o -c /usr/share/cmake-3.22/Modules/CMakeCXXCompilerABI.cpp]
  ignore line: [Using built-in specs.]
  ignore line: [COLLECT_GCC=/usr/bin/c++]
  ignore line: [OFFLOAD_TARGET_NAMES=nvptx-none:amdgcn-amdhsa]
  ignore line: [OFFLOAD_TARGET_DEFAULT=1]
  ignore line: [Target: x86_64-linux-gnu]
  ignore line: [Configured with: ../src/configure -v --with-pkgversion='Ubuntu 11.4.0-1ubuntu1~22.04.3' --with-bugurl=file:///usr/share/doc/gcc-11/README.Bugs --enable-languages=c ada c++ go brig d fortran objc obj-c++ m2 --prefix=/usr --with-gcc-major-version-only --program-suffix=-11 --program-prefix=x86_64-linux-gnu- --enable-shared --enable-linker-build-id --libexecdir=/usr/lib --without-included-gettext --enable-threads=posix --libdir=/usr/lib --enable-nls --enable-bootstrap --enable-clocale=gnu --enable-libstdcxx-debug --enable-libstdcxx-time=yes --with-default-libstdcxx-abi=new --enable-gnu-unique-object --disable-vtable-verify --enable-plugin --enable-default-pie --with-system-zlib --enable-libphobos-checking=release --with-target-system-zlib=auto --enable-objc-gc=auto --enable-multiarch --disable-werror --enable-cet --with-arch-32=i686 --with-abi=m64 --with-multilib-list=m32 m64 mx32 --enable-multilib --with-tune=generic --enable-offload-targets=nvptx-none=/build/gcc-11-0odw26/gcc-11-11.4.0/debian/tmp-nvptx/usr amdgcn-amdhsa=/build/gcc-11-0odw26/gcc-11-11.4.0/debian/tmp-gcn/usr --without-cuda-driver --enable-checking=release --build=x86_64-linux-gnu --host=x86_64-linux-gnu --target=x86_64-linux-gnu --with-build-config=bootstrap-lto-lean --enable-link-serialization=2]
  ignore line: [Thread model: posix]
  ignore line: [Supported LTO compression algorithms: zlib zstd]
  ignore line: [gcc version 11.4.0 (Ubuntu 11.4.0-1ubuntu1~22.04.3) ]
  ignore line: [COLLECT_GCC_OPTIONS='-v' '-o' 'CMakeFiles/cmTC_307ec.dir/CMakeCXXCompilerABI.cpp.o' '-c' '-shared-libgcc' '-mtune=generic' '-march=x86-64' '-dumpdir' 'CMakeFiles/cmTC_307ec.dir/']
  ignore line: [ /usr/lib/gcc/x86_64-linux-gnu/11/cc1plus -quiet -v -imultiarch x86_64-linux-gnu -D_GNU_SOURCE /usr/share/cmake-3.22/Modules/CMakeCXXCompilerABI.cpp -quiet -dumpdir CMakeFiles/cmTC_307ec.dir/ -dumpbase CMakeCXXCompilerABI.cpp.cpp -dumpbase-ext .cpp -mtune=generic -march=x86-64 -version -fasynchronous-unwind-tables -fstack-protector-strong -Wformat -Wformat-security -fstack-clash-protection -fcf-protection -o /tmp/ccpCMvt7.s]
  ignore line: [GNU C++17 (Ubuntu 11.4.0-1ubuntu1~22.04.3) version 11.4.0 (x86_64-linux-gnu)]
  ignore line: [	compiled by GNU C version 11.4.0  GMP version 6.2.1  MPFR version 4.1.0  MPC version 1.2.1  isl version isl-0.24-GMP]
  ignore line: []
  ignore line: [GGC heuristics: --param ggc-min-expand=100 --param ggc-min-heapsize=131072]
  ignore line: [ignoring duplicate directory "/usr/include/x86_64-linux-gnu/c++/11"]
  ignore line: [ignoring nonexistent directory "/usr/local/include/x86_64-linux-gnu"]
  ignore line: [ignoring nonexistent directory "/usr/lib/gcc/x86_64-linux-gnu/11/include-fixed"]
  ignore line: [ignoring nonexistent directory "/usr/lib/gcc/x86_64-linux-gnu/11/../../../../x86_64-linux-gnu/include"]
  ignore line: [#include "..." search starts here:]
  ignore line: [#include <...> search starts here:]
  ignore line: [ /usr/include/c++/11]
  ignore line: [ /usr/include/x86_64-linux-gnu/c++/11]
  ignore line: [ /usr/include/c++/11/backward]
  ignore line: [ /usr/lib/gcc/x86_64-linux-gnu/11/include]
  ignore line: [ /usr/local/include]
  ignore line: [ /usr/include/x86_64-linux-gnu]
  ignore line: [ /usr/include]
  ignore line: [End of search list.]
  ignore line: [GNU C++17 (Ubuntu 11.4.0-1ubuntu1~22.04.3) version 11.4.0 (x86_64-linux-gnu)]
  ignore line: [	compiled by GNU C version 11.4.0  GMP version 6.2.1  MPFR version 4.1.0  MPC version 1.2.1  isl version isl-0.24-GMP]
  ignore line: []
  ignore line: [GGC heuristics: --param ggc-min-expand=100 --param ggc-min-heapsize=131072]
  ignore line: [Compiler executable checksum: ac7fa628ee459f217e6fdb88b3db0bde]
  ignore line: [COLLECT_GCC_OPTIONS='-v' '-o' 'CMakeFiles/cmTC_307ec.dir/CMakeCXXCompilerABI.cpp.o' '-c' '-shared-libgcc' '-mtune=generic' '-march=x86-64' '-dumpdir' 'CMakeFiles/cmTC_307ec.dir/']
  ignore line: [ as -v --64 -o CMakeFiles/cmTC_307ec.dir/CMakeCXXCompilerABI.cpp.o /tmp/ccpCMvt7.s]
  ignore line: [GNU assembler version 2.38 (x86_64-linux-gnu) using BFD version (GNU Binutils for Ubuntu) 2.38]
  ignore line: [COMPILER_PATH=/usr/lib/gcc/x86_64-linux-gnu/11/:/usr/lib/gcc/x86_64-linux-gnu/11/:/usr/lib/gcc/x86_64-linux-gnu/:/usr/lib/gcc/x86_64-linux-gnu/11/:/usr/lib/gcc/x86_64-linux-gnu/]
  ignore line: [LIBRARY_PATH=/usr/lib/gcc/x86_64-linux-gnu/11/:/usr/lib/gcc/x86_64-linux-gnu/11/../../../x86_64-linux-gnu/:/usr/lib/gcc/x86_64-linux-gnu/11/../../../../lib/:/lib/x86_64-linux-gnu/:/lib/../lib/:/usr/lib/x86_64-linux-gnu/:/usr/lib/../lib/:/usr/lib/gcc/x86_64-linux-gnu/11/../../../:/lib/:/usr/lib/]
  ignore line: [COLLECT_GCC_OPTIONS='-v' '-o' 'CMakeFiles/cmTC_307ec.dir/CMakeCXXCompilerABI.cpp.o' '-c' '-shared-libgcc' '-mtune=generic' '-march=x86-64' '-dumpdir' 'CMakeFiles/cmTC_307ec.dir/CMakeCXXCompilerABI.cpp.']
  ignore line: [Linking CXX executable cmTC_307ec]
  ignore line: [/usr/bin/cmake -E cmake_link_script CMakeFiles/cmTC_307ec.dir/link.txt --verbose=1]
  ignore line: [/usr/bin/c++  -v CMakeFiles/cmTC_307ec.dir/CMakeCXXCompilerABI.cpp.o -o cmTC_307ec ]
  ignore line: [Using built-in specs.]
  ignore line: [COLLECT_GCC=/usr/bin/c++]
  ignore line: [COLLECT_LTO_WRAPPER=/usr/lib/gcc/x86_64-linux-gnu/11/lto-wrapper]
  ignore line: [OFFLOAD_TARGET_NAMES=nvptx-none:amdgcn-amdhsa]
  ignore line: [OFFLOAD_TARGET_DEFAULT=1]
  ignore line: [Target: x86_64-linux-gnu]
  ignore line: [Configured with: ../src/configure -v --with-pkgversion='Ubuntu 11.4.0-1ubuntu1~22.04.3' --with-bugurl=file:///usr/share/doc/gcc-11/README.Bugs --enable-languages=c ada c++ go brig d fortran objc obj-c++ m2 --prefix=/usr --with-gcc-major-version-only --program-suffix=-11 --program-prefix=x86_64-linux-gnu- --enable-shared --enable-linker-build-id --libexecdir=/usr/lib --without-included-gettext --enable-threads=posix --libdir=/usr/lib --enable-nls --enable-bootstrap --enable-clocale=gnu --enable-libstdcxx-debug --enable-libstdcxx-time=yes --with-default-libstdcxx-abi=new --enable-gnu-unique-object --disable-vtable-verify --enable-plugin --enable-default-pie --with-system-zlib --enable-libphobos-checking=release --with-target-system-zlib=auto --enable-objc-gc=auto --enable-multiarch --disable-werror --enable-cet --with-arch-32=i686 --with-abi=m64 --with-multilib-list=m32 m64 mx32 --enable-multilib --with-tune=generic --enable-offload-targets=nvptx-none=/build/gcc-11-0odw26/gcc-11-11.4.0/debian/tmp-nvptx/usr amdgcn-amdhsa=/build/gcc-11-0odw26/gcc-11-11.4.0/debian/tmp-gcn/usr --without-cuda-driver --enable-checking=release --build=x86_64-linux-gnu --host=x86_64-linux-gnu --target=x86_64-linux-gnu --with-build-config=bootstrap-lto-lean --enable-link-serialization=2]
  ignore line: [Thread model: posix]
  ignore line: [Supported LTO compression algorithms: zlib zstd]
  ignore line: [gcc version 11.4.0 (Ubuntu 11.4.0-1ubuntu1~22.04.3) ]
  ignore line: [COMPILER_PATH=/usr/lib/gcc/x86_64-linux-gnu/11/:/usr/lib/gcc/x86_64-linux-gnu/11/:/usr/lib/gcc/x86_64-linux-gnu/:/usr/lib/gcc/x86_64-linux-gnu/11/:/usr/lib/gcc/x86_64-linux-gnu/]
  ignore line: [LIBRARY_PATH=/usr/lib/gcc/x86_64-linux-gnu/11/:/usr/lib/gcc/x86_64-linux-gnu/11/../../../x86_64-linux-gnu/:/usr/lib/gcc/x86_64-linux-gnu/11/../../../../lib/:/lib/x86_64-linux-gnu/:/lib/../lib/:/usr/lib/x86_64-linux-gnu/:/usr/lib/../lib/:/usr/lib/gcc/x86_64-linux-gnu/11/../../../:/lib/:/usr/lib/]
  ignore line: [COLLECT_GCC_OPTIONS='-v' '-o' 'cmTC_307ec' '-shared-libgcc' '-mtune=generic' '-march=x86-64' '-dumpdir' 'cmTC_307ec.']
  link line: [ /usr/lib/gcc/x86_64-linux-gnu/11/collect2 -plugin /usr/lib/gcc/x86_64-linux-gnu/11/liblto_plugin.so -plugin-opt=/usr/lib/gcc/x86_64-linux-gnu/11/lto-wrapper -plugin-opt=-fresolution=/tmp/ccJdQqDz.res -plugin-opt=-pass-through=-lgcc_s -plugin-opt=-pass-through=-lgcc -plugin-opt=-pass-through=-lc -plugin-opt=-pass-through=-lgcc_s -plugin-opt=-pass-through=-lgcc --build-id --eh-frame-hdr -m elf_x86_64 --hash-style=gnu --as-needed -dynamic-linker /lib64/ld-linux-x86-64.so.2 -pie -z now -z relro -o cmTC_307ec /usr/lib/gcc/x86_64-linux-gnu/11/../../../x86_64-linux-gnu/Scrt1.o /usr/lib/gcc/x86_64-linux-gnu/11/../../../x86_64-linux-gnu/crti.o /usr/lib/gcc/x86_64-linux-gnu/11/crtbeginS.o -L/usr/lib/gcc/x86_64-linux-gnu/11 -L/usr/lib/gcc/x86_64-linux-gnu/11/../../../x86_64-linux-gnu -L/usr/lib/gcc/x86_64-linux-gnu/11/../../../../lib -L/lib/x86_64-linux-gnu -L/lib/../lib -L/usr/lib/x86_64-linux-gnu -L/usr/lib/../lib -L/usr/lib/gcc/x86_64-linux-gnu/11/../../.. CMakeFiles/cmTC_307ec.dir/CMakeCXXCompilerABI.cpp.o -lstdc++ -lm -lgcc_s -lgcc -lc -lgcc_s -lgcc /usr/lib/gcc/x86_64-linux-gnu/11/crtendS.o /usr/lib/gcc/x86_64-linux-gnu/11/../../../x86_64-linux-gnu/crtn.o]
    arg [/usr/lib/gcc/x86_64-linux-gnu/11/collect2] ==> ignore
    arg [-plugin] ==> ignore
    arg [/usr/lib/gcc/x86_64-linux-gnu/11/liblto_plugin.so] ==> ignore
    arg [-plugin-opt=/usr/lib/gcc/x86_64-linux-gnu/11/lto-wrapper] ==> ignore
    arg [-plugin-opt=-fresolution=/tmp/ccJdQqDz.res] ==> ignore
    arg [-plugin-opt=-pass-through=-lgcc_s] ==> ignore
    arg [-plugin-opt=-pass-through=-lgcc] ==> ignore
    arg [-plugin-opt=-pass-through=-lc] ==> ignore
    arg [-plugin-opt=-pass-through=-lgcc_s] ==> ignore
    arg [-plugin-opt=-pass-through=-lgcc] ==> ignore
    arg [--build-id] ==> ignore
    arg [--eh-frame-hdr] ==> ignore
    arg [-m] ==> ignore
    arg [elf_x86_64] ==> ignore
    arg [--hash-style=gnu] ==> ignore
    arg [--as-needed] ==> ignore
    arg [-dynamic-linker] ==> ignore
    arg [/lib64/ld-linux-x86-64.so.2] ==> ignore
    arg [-pie] ==> ignore
    arg [-znow] ==> ignore
    arg [-zrelro] ==> ignore
    arg [-o] ==> ignore
    arg [cmTC_307ec] ==> ignore
    arg [/usr/lib/gcc/x86_64-linux-gnu/11/../../../x86_64-linux-gnu/Scrt1.o] ==> obj [/usr/lib/gcc/x86_64-linux-gnu/11/../../../x86_64-linux-gnu/Scrt1.o]
    arg [/usr/lib/gcc/x86_64-linux-gnu/11/../../../x86_64-linux-gnu/crti.o] ==> obj [/usr/lib/gcc/x86_64-linux-gnu/11/../../../x86_64-linux-gnu/crti.o]
    arg [/usr/lib/gcc/x86_64-linux-gnu/11/crtbeginS.o] ==> obj [/usr/lib/gcc/x86_64-linux-gnu/11/crtbeginS.o]
    arg [-L/usr/lib/gcc/x86_64-linux-gnu/11] ==> dir [/usr/lib/gcc/x86_64-linux-gnu/11]
    arg [-L/usr/lib/gcc/x86_64-linux-gnu/11/../../../x86_64-linux-gnu] ==> dir [/usr/lib/gcc/x86_64-linux-gnu/11/../../../x86_64-linux-gnu]
    arg [-L/usr/lib/gcc/x86_64-linux-gnu/11/../../../../lib] ==> dir [/usr/lib/gcc/x86_64-linux-gnu/11/../../../../lib]
    arg [-L/lib/x86_64-linux-gnu] ==> dir [/lib/x86_64-linux-gnu]
    arg [-L/lib/../lib] ==> dir [/lib/../lib]
    arg [-L/usr/lib/x86_64-linux-gnu] ==> dir [/usr/lib/x86_64-linux-gnu]
    arg [-L/usr/lib/../lib] ==> dir [/usr/lib/../lib]
    arg [-L/usr/lib/gcc/x86_64-linux-gnu/11/../../..] ==> dir [/usr/lib/gcc/x86_64-linux-gnu/11/../../..]
    arg [CMakeFiles/cmTC_307ec.dir/CMakeCXXCompilerABI.cpp.o] ==> ignore
    arg [-lstdc++] ==> lib [stdc++]
    arg [-lm] ==> lib [m]
    arg [-lgcc_s] ==> lib [gcc_s]
    arg [-lgcc] ==> lib [gcc]
    arg [-lc] ==> lib [c]
    arg [-lgcc_s] ==> lib [gcc_s]
    arg [-lgcc] ==> lib [gcc]
    arg [/usr/lib/gcc/x86_64-linux-gnu/11/crtendS.o] ==> obj [/usr/lib/gcc/x86_64-linux-gnu/11/crtendS.o]
    arg [/usr/lib/gcc/x86_64-linux-gnu/11/../../../x86_64-linux-gnu/crtn.o] ==> obj [/usr/lib/gcc/x86_64-linux-gnu/11/../../../x86_64-linux-gnu/crtn.o]
  collapse obj [/usr/lib/gcc/x86_64-linux-gnu/11/../../../x86_64-linux-gnu/Scrt1.o] ==> [/usr/lib/x86_64-linux-gnu/Scrt1.o]
  collapse obj [/usr/lib/gcc/x86_64-linux-gnu/11/../../../x86_64-linux-gnu/crti.o] ==> [/usr/lib/x86_64-linux-gnu/crti.o]
  collapse obj [/usr/lib/gcc/x86_64-linux-gnu/11/../../../x86_64-linux-gnu/crtn.o] ==> [/usr/lib/x86_64-linux-gnu/crtn.o]
  collapse library dir [/usr/lib/gcc/x86_64-linux-gnu/11] ==> [/usr/lib/gcc/x86_64-linux-gnu/11]
  collapse library dir [/usr/lib/gcc/x86_64-linux-gnu/11/../../../x86_64-linux-gnu] ==> [/usr/lib/x86_64-linux-gnu]
  collapse library dir [/usr/lib/gcc/x86_64-linux-gnu/11/../../../../lib] ==> [/usr/lib]
  collapse library dir [/lib/x86_64-linux-gnu] ==> [/lib/x86_64-linux-gnu]
  collapse library dir [/lib/../lib] ==> [/lib]
  collapse library dir [/usr/lib/x86_64-linux-gnu] ==> [/usr/lib/x86_64-linux-gnu]
  collapse library dir [/usr/lib/../lib] ==> [/usr/lib]
  collapse library dir [/usr/lib/gcc/x86_64-linux-gnu/11/../../..] ==> [/usr/lib]
  implicit libs: [stdc++;m;gcc_s;gcc;c;gcc_s;gcc]
  implicit objs: [/usr/lib/x86_64-linux-gnu/Scrt1.o;/usr/lib/x86_64-linux-gnu/crti.o;/usr/lib/gcc/x86_64-linux-gnu/11/crtbeginS.o;/usr/lib/gcc/x86_64-linux-gnu/11/crtendS.o;/usr/lib/x86_64-linux-gnu/crtn.o]
  implicit dirs: [/usr/lib/gcc/x86_64-linux-gnu/11;/usr/lib/x86_64-linux-gnu;/usr/lib;/lib/x86_64-linux-gnu;/lib]
  implicit fwks: []


Performing C++ SOURCE FILE Test EIGEN_COMPILER_SUPPORT_CPP11 succeeded with the following output:
Change Dir: /home/jinwz/FoundationPoseROS2/FoundationPoseROS2/FoundationPose/eigen-3.4.0/build/CMakeFiles/CMakeTmp

Run Build Command(s):/usr/bin/gmake -f Makefile cmTC_5dc9d/fast && /usr/bin/gmake  -f CMakeFiles/cmTC_5dc9d.dir/build.make CMakeFiles/cmTC_5dc9d.dir/build
gmake[1]: Entering directory '/home/jinwz/FoundationPoseROS2/FoundationPoseROS2/FoundationPose/eigen-3.4.0/build/CMakeFiles/CMakeTmp'
Building CXX object CMakeFiles/cmTC_5dc9d.dir/src.cxx.o
/usr/bin/c++ -DEIGEN_COMPILER_SUPPORT_CPP11  -std=c++11 -o CMakeFiles/cmTC_5dc9d.dir/src.cxx.o -c /home/jinwz/FoundationPoseROS2/FoundationPoseROS2/FoundationPose/eigen-3.4.0/build/CMakeFiles/CMakeTmp/src.cxx
Linking CXX executable cmTC_5dc9d
/usr/bin/cmake -E cmake_link_script CMakeFiles/cmTC_5dc9d.dir/link.txt --verbose=1
/usr/bin/c++ CMakeFiles/cmTC_5dc9d.dir/src.cxx.o -o cmTC_5dc9d 
gmake[1]: Leaving directory '/home/jinwz/FoundationPoseROS2/FoundationPoseROS2/FoundationPose/eigen-3.4.0/build/CMakeFiles/CMakeTmp'


Source file was:
int main() { return 0; }
Performing C++ SOURCE FILE Test COMPILER_SUPPORT_std=cpp03 succeeded with the following output:
Change Dir: /home/jinwz/FoundationPoseROS2/FoundationPoseROS2/FoundationPose/eigen-3.4.0/build/CMakeFiles/CMakeTmp

Run Build Command(s):/usr/bin/gmake -f Makefile cmTC_5400d/fast && /usr/bin/gmake  -f CMakeFiles/cmTC_5400d.dir/build.make CMakeFiles/cmTC_5400d.dir/build
gmake[1]: Entering directory '/home/jinwz/FoundationPoseROS2/FoundationPoseROS2/FoundationPose/eigen-3.4.0/build/CMakeFiles/CMakeTmp'
Building CXX object CMakeFiles/cmTC_5400d.dir/src.cxx.o
/usr/bin/c++ -DCOMPILER_SUPPORT_std=cpp03  -std=c++03 -o CMakeFiles/cmTC_5400d.dir/src.cxx.o -c /home/jinwz/FoundationPoseROS2/FoundationPoseROS2/FoundationPose/eigen-3.4.0/build/CMakeFiles/CMakeTmp/src.cxx
Linking CXX executable cmTC_5400d
/usr/bin/cmake -E cmake_link_script CMakeFiles/cmTC_5400d.dir/link.txt --verbose=1
/usr/bin/c++ CMakeFiles/cmTC_5400d.dir/src.cxx.o -o cmTC_5400d 
gmake[1]: Leaving directory '/home/jinwz/FoundationPoseROS2/FoundationPoseROS2/FoundationPose/eigen-3.4.0/build/CMakeFiles/CMakeTmp'


Source file was:
int main() { return 0; }
Performing C++ SOURCE FILE Test standard_math_library_linked_to_automatically succeeded with the following output:
Change Dir: /home/jinwz/FoundationPoseROS2/FoundationPoseROS2/FoundationPose/eigen-3.4.0/build/CMakeFiles/CMakeTmp

Run Build Command(s):/usr/bin/gmake -f Makefile cmTC_424c1/fast && /usr/bin/gmake  -f CMakeFiles/cmTC_424c1.dir/build.make CMakeFiles/cmTC_424c1.dir/build
gmake[1]: 进入目录“/home/jinwz/FoundationPoseROS2/FoundationPoseROS2/FoundationPose/eigen-3.4.0/build/CMakeFiles/CMakeTmp”
Building CXX object CMakeFiles/cmTC_424c1.dir/src.cxx.o
/usr/bin/c++ -Dstandard_math_library_linked_to_automatically  -std=c++03  -o CMakeFiles/cmTC_424c1.dir/src.cxx.o -c /home/jinwz/FoundationPoseROS2/FoundationPoseROS2/FoundationPose/eigen-3.4.0/build/CMakeFiles/CMakeTmp/src.cxx
Linking CXX executable cmTC_424c1
/usr/bin/cmake -E cmake_link_script CMakeFiles/cmTC_424c1.dir/link.txt --verbose=1
/usr/bin/c++  -std=c++03  CMakeFiles/cmTC_424c1.dir/src.cxx.o -o cmTC_424c1 
gmake[1]: 离开目录“/home/jinwz/FoundationPoseROS2/FoundationPoseROS2/FoundationPose/eigen-3.4.0/build/CMakeFiles/CMakeTmp”


Source file was:

#include<cmath>
int main(int argc, char **){
  return int(std::sin(double(argc)) + std::log(double(argc)));
}
Performing C++ SOURCE FILE Test COMPILER_SUPPORT_WERROR succeeded with the following output:
Change Dir: /home/jinwz/FoundationPoseROS2/FoundationPoseROS2/FoundationPose/eigen-3.4.0/build/CMakeFiles/CMakeTmp

Run Build Command(s):/usr/bin/gmake -f Makefile cmTC_0dcdd/fast && /usr/bin/gmake  -f CMakeFiles/cmTC_0dcdd.dir/build.make CMakeFiles/cmTC_0dcdd.dir/build
gmake[1]: Entering directory '/home/jinwz/FoundationPoseROS2/FoundationPoseROS2/FoundationPose/eigen-3.4.0/build/CMakeFiles/CMakeTmp'
Building CXX object CMakeFiles/cmTC_0dcdd.dir/src.cxx.o
/usr/bin/c++ -DCOMPILER_SUPPORT_WERROR  -std=c++03    -Werror -o CMakeFiles/cmTC_0dcdd.dir/src.cxx.o -c /home/jinwz/FoundationPoseROS2/FoundationPoseROS2/FoundationPose/eigen-3.4.0/build/CMakeFiles/CMakeTmp/src.cxx
Linking CXX executable cmTC_0dcdd
/usr/bin/cmake -E cmake_link_script CMakeFiles/cmTC_0dcdd.dir/link.txt --verbose=1
/usr/bin/c++  -std=c++03  CMakeFiles/cmTC_0dcdd.dir/src.cxx.o -o cmTC_0dcdd 
gmake[1]: Leaving directory '/home/jinwz/FoundationPoseROS2/FoundationPoseROS2/FoundationPose/eigen-3.4.0/build/CMakeFiles/CMakeTmp'


Source file was:
int main() { return 0; }
Performing C++ SOURCE FILE Test COMPILER_SUPPORT_pedantic succeeded with the following output:
Change Dir: /home/jinwz/FoundationPoseROS2/FoundationPoseROS2/FoundationPose/eigen-3.4.0/build/CMakeFiles/CMakeTmp

Run Build Command(s):/usr/bin/gmake -f Makefile cmTC_becb1/fast && /usr/bin/gmake  -f CMakeFiles/cmTC_becb1.dir/build.make CMakeFiles/cmTC_becb1.dir/build
gmake[1]: Entering directory '/home/jinwz/FoundationPoseROS2/FoundationPoseROS2/FoundationPose/eigen-3.4.0/build/CMakeFiles/CMakeTmp'
Building CXX object CMakeFiles/cmTC_becb1.dir/src.cxx.o
/usr/bin/c++ -DCOMPILER_SUPPORT_pedantic  -std=c++03 -Werror   -pedantic -o CMakeFiles/cmTC_becb1.dir/src.cxx.o -c /home/jinwz/FoundationPoseROS2/FoundationPoseROS2/FoundationPose/eigen-3.4.0/build/CMakeFiles/CMakeTmp/src.cxx
Linking CXX executable cmTC_becb1
/usr/bin/cmake -E cmake_link_script CMakeFiles/cmTC_becb1.dir/link.txt --verbose=1
/usr/bin/c++  -std=c++03 -Werror CMakeFiles/cmTC_becb1.dir/src.cxx.o -o cmTC_becb1 
gmake[1]: Leaving directory '/home/jinwz/FoundationPoseROS2/FoundationPoseROS2/FoundationPose/eigen-3.4.0/build/CMakeFiles/CMakeTmp'


Source file was:
int main() { return 0; }
Performing C++ SOURCE FILE Test COMPILER_SUPPORT_Wall succeeded with the following output:
Change Dir: /home/jinwz/FoundationPoseROS2/FoundationPoseROS2/FoundationPose/eigen-3.4.0/build/CMakeFiles/CMakeTmp

Run Build Command(s):/usr/bin/gmake -f Makefile cmTC_ecccc/fast && /usr/bin/gmake  -f CMakeFiles/cmTC_ecccc.dir/build.make CMakeFiles/cmTC_ecccc.dir/build
gmake[1]: Entering directory '/home/jinwz/FoundationPoseROS2/FoundationPoseROS2/FoundationPose/eigen-3.4.0/build/CMakeFiles/CMakeTmp'
Building CXX object CMakeFiles/cmTC_ecccc.dir/src.cxx.o
/usr/bin/c++ -DCOMPILER_SUPPORT_Wall  -std=c++03 -pedantic -Werror   -Wall -o CMakeFiles/cmTC_ecccc.dir/src.cxx.o -c /home/jinwz/FoundationPoseROS2/FoundationPoseROS2/FoundationPose/eigen-3.4.0/build/CMakeFiles/CMakeTmp/src.cxx
Linking CXX executable cmTC_ecccc
/usr/bin/cmake -E cmake_link_script CMakeFiles/cmTC_ecccc.dir/link.txt --verbose=1
/usr/bin/c++  -std=c++03 -pedantic -Werror CMakeFiles/cmTC_ecccc.dir/src.cxx.o -o cmTC_ecccc 
gmake[1]: Leaving directory '/home/jinwz/FoundationPoseROS2/FoundationPoseROS2/FoundationPose/eigen-3.4.0/build/CMakeFiles/CMakeTmp'


Source file was:
int main() { return 0; }
Performing C++ SOURCE FILE Test COMPILER_SUPPORT_Wextra succeeded with the following output:
Change Dir: /home/jinwz/FoundationPoseROS2/FoundationPoseROS2/FoundationPose/eigen-3.4.0/build/CMakeFiles/CMakeTmp

Run Build Command(s):/usr/bin/gmake -f Makefile cmTC_665a8/fast && /usr/bin/gmake  -f CMakeFiles/cmTC_665a8.dir/build.make CMakeFiles/cmTC_665a8.dir/build
gmake[1]: Entering directory '/home/jinwz/FoundationPoseROS2/FoundationPoseROS2/FoundationPose/eigen-3.4.0/build/CMakeFiles/CMakeTmp'
Building CXX object CMakeFiles/cmTC_665a8.dir/src.cxx.o
/usr/bin/c++ -DCOMPILER_SUPPORT_Wextra  -std=c++03 -pedantic -Wall -Werror   -Wextra -o CMakeFiles/cmTC_665a8.dir/src.cxx.o -c /home/jinwz/FoundationPoseROS2/FoundationPoseROS2/FoundationPose/eigen-3.4.0/build/CMakeFiles/CMakeTmp/src.cxx
Linking CXX executable cmTC_665a8
/usr/bin/cmake -E cmake_link_script CMakeFiles/cmTC_665a8.dir/link.txt --verbose=1
/usr/bin/c++  -std=c++03 -pedantic -Wall -Werror CMakeFiles/cmTC_665a8.dir/src.cxx.o -o cmTC_665a8 
gmake[1]: Leaving directory '/home/jinwz/FoundationPoseROS2/FoundationPoseROS2/FoundationPose/eigen-3.4.0/build/CMakeFiles/CMakeTmp'


Source file was:
int main() { return 0; }
Performing C++ SOURCE FILE Test COMPILER_SUPPORT_Wundef succeeded with the following output:
Change Dir: /home/jinwz/FoundationPoseROS2/FoundationPoseROS2/FoundationPose/eigen-3.4.0/build/CMakeFiles/CMakeTmp

Run Build Command(s):/usr/bin/gmake -f Makefile cmTC_98e3d/fast && /usr/bin/gmake  -f CMakeFiles/cmTC_98e3d.dir/build.make CMakeFiles/cmTC_98e3d.dir/build
gmake[1]: Entering directory '/home/jinwz/FoundationPoseROS2/FoundationPoseROS2/FoundationPose/eigen-3.4.0/build/CMakeFiles/CMakeTmp'
Building CXX object CMakeFiles/cmTC_98e3d.dir/src.cxx.o
/usr/bin/c++ -DCOMPILER_SUPPORT_Wundef  -std=c++03 -pedantic -Wall -Wextra -Werror   -Wundef -o CMakeFiles/cmTC_98e3d.dir/src.cxx.o -c /home/jinwz/FoundationPoseROS2/FoundationPoseROS2/FoundationPose/eigen-3.4.0/build/CMakeFiles/CMakeTmp/src.cxx
Linking CXX executable cmTC_98e3d
/usr/bin/cmake -E cmake_link_script CMakeFiles/cmTC_98e3d.dir/link.txt --verbose=1
/usr/bin/c++  -std=c++03 -pedantic -Wall -Wextra -Werror CMakeFiles/cmTC_98e3d.dir/src.cxx.o -o cmTC_98e3d 
gmake[1]: Leaving directory '/home/jinwz/FoundationPoseROS2/FoundationPoseROS2/FoundationPose/eigen-3.4.0/build/CMakeFiles/CMakeTmp'


Source file was:
int main() { return 0; }
Performing C++ SOURCE FILE Test COMPILER_SUPPORT_Wcastalign succeeded with the following output:
Change Dir: /home/jinwz/FoundationPoseROS2/FoundationPoseROS2/FoundationPose/eigen-3.4.0/build/CMakeFiles/CMakeTmp

Run Build Command(s):/usr/bin/gmake -f Makefile cmTC_3f7c1/fast && /usr/bin/gmake  -f CMakeFiles/cmTC_3f7c1.dir/build.make CMakeFiles/cmTC_3f7c1.dir/build
gmake[1]: Entering directory '/home/jinwz/FoundationPoseROS2/FoundationPoseROS2/FoundationPose/eigen-3.4.0/build/CMakeFiles/CMakeTmp'
Building CXX object CMakeFiles/cmTC_3f7c1.dir/src.cxx.o
/usr/bin/c++ -DCOMPILER_SUPPORT_Wcastalign  -std=c++03 -pedantic -Wall -Wextra -Wundef -Werror   -Wcast-align -o CMakeFiles/cmTC_3f7c1.dir/src.cxx.o -c /home/jinwz/FoundationPoseROS2/FoundationPoseROS2/FoundationPose/eigen-3.4.0/build/CMakeFiles/CMakeTmp/src.cxx
Linking CXX executable cmTC_3f7c1
/usr/bin/cmake -E cmake_link_script CMakeFiles/cmTC_3f7c1.dir/link.txt --verbose=1
/usr/bin/c++  -std=c++03 -pedantic -Wall -Wextra -Wundef -Werror CMakeFiles/cmTC_3f7c1.dir/src.cxx.o -o cmTC_3f7c1 
gmake[1]: Leaving directory '/home/jinwz/FoundationPoseROS2/FoundationPoseROS2/FoundationPose/eigen-3.4.0/build/CMakeFiles/CMakeTmp'


Source file was:
int main() { return 0; }
Performing C++ SOURCE FILE Test COMPILER_SUPPORT_Wcharsubscripts succeeded with the following output:
Change Dir: /home/jinwz/FoundationPoseROS2/FoundationPoseROS2/FoundationPose/eigen-3.4.0/build/CMakeFiles/CMakeTmp

Run Build Command(s):/usr/bin/gmake -f Makefile cmTC_4d7f2/fast && /usr/bin/gmake  -f CMakeFiles/cmTC_4d7f2.dir/build.make CMakeFiles/cmTC_4d7f2.dir/build
gmake[1]: Entering directory '/home/jinwz/FoundationPoseROS2/FoundationPoseROS2/FoundationPose/eigen-3.4.0/build/CMakeFiles/CMakeTmp'
Building CXX object CMakeFiles/cmTC_4d7f2.dir/src.cxx.o
/usr/bin/c++ -DCOMPILER_SUPPORT_Wcharsubscripts  -std=c++03 -pedantic -Wall -Wextra -Wundef -Wcast-align -Werror   -Wchar-subscripts -o CMakeFiles/cmTC_4d7f2.dir/src.cxx.o -c /home/jinwz/FoundationPoseROS2/FoundationPoseROS2/FoundationPose/eigen-3.4.0/build/CMakeFiles/CMakeTmp/src.cxx
Linking CXX executable cmTC_4d7f2
/usr/bin/cmake -E cmake_link_script CMakeFiles/cmTC_4d7f2.dir/link.txt --verbose=1
/usr/bin/c++  -std=c++03 -pedantic -Wall -Wextra -Wundef -Wcast-align -Werror CMakeFiles/cmTC_4d7f2.dir/src.cxx.o -o cmTC_4d7f2 
gmake[1]: Leaving directory '/home/jinwz/FoundationPoseROS2/FoundationPoseROS2/FoundationPose/eigen-3.4.0/build/CMakeFiles/CMakeTmp'


Source file was:
int main() { return 0; }
Performing C++ SOURCE FILE Test COMPILER_SUPPORT_Wnonvirtualdtor succeeded with the following output:
Change Dir: /home/jinwz/FoundationPoseROS2/FoundationPoseROS2/FoundationPose/eigen-3.4.0/build/CMakeFiles/CMakeTmp

Run Build Command(s):/usr/bin/gmake -f Makefile cmTC_4afb6/fast && /usr/bin/gmake  -f CMakeFiles/cmTC_4afb6.dir/build.make CMakeFiles/cmTC_4afb6.dir/build
gmake[1]: Entering directory '/home/jinwz/FoundationPoseROS2/FoundationPoseROS2/FoundationPose/eigen-3.4.0/build/CMakeFiles/CMakeTmp'
Building CXX object CMakeFiles/cmTC_4afb6.dir/src.cxx.o
/usr/bin/c++ -DCOMPILER_SUPPORT_Wnonvirtualdtor  -std=c++03 -pedantic -Wall -Wextra -Wundef -Wcast-align -Wchar-subscripts -Werror   -Wnon-virtual-dtor -o CMakeFiles/cmTC_4afb6.dir/src.cxx.o -c /home/jinwz/FoundationPoseROS2/FoundationPoseROS2/FoundationPose/eigen-3.4.0/build/CMakeFiles/CMakeTmp/src.cxx
Linking CXX executable cmTC_4afb6
/usr/bin/cmake -E cmake_link_script CMakeFiles/cmTC_4afb6.dir/link.txt --verbose=1
/usr/bin/c++  -std=c++03 -pedantic -Wall -Wextra -Wundef -Wcast-align -Wchar-subscripts -Werror CMakeFiles/cmTC_4afb6.dir/src.cxx.o -o cmTC_4afb6 
gmake[1]: Leaving directory '/home/jinwz/FoundationPoseROS2/FoundationPoseROS2/FoundationPose/eigen-3.4.0/build/CMakeFiles/CMakeTmp'


Source file was:
int main() { return 0; }
Performing C++ SOURCE FILE Test COMPILER_SUPPORT_Wunusedlocaltypedefs succeeded with the following output:
Change Dir: /home/jinwz/FoundationPoseROS2/FoundationPoseROS2/FoundationPose/eigen-3.4.0/build/CMakeFiles/CMakeTmp

Run Build Command(s):/usr/bin/gmake -f Makefile cmTC_56a81/fast && /usr/bin/gmake  -f CMakeFiles/cmTC_56a81.dir/build.make CMakeFiles/cmTC_56a81.dir/build
gmake[1]: Entering directory '/home/jinwz/FoundationPoseROS2/FoundationPoseROS2/FoundationPose/eigen-3.4.0/build/CMakeFiles/CMakeTmp'
Building CXX object CMakeFiles/cmTC_56a81.dir/src.cxx.o
/usr/bin/c++ -DCOMPILER_SUPPORT_Wunusedlocaltypedefs  -std=c++03 -pedantic -Wall -Wextra -Wundef -Wcast-align -Wchar-subscripts -Wnon-virtual-dtor -Werror   -Wunused-local-typedefs -o CMakeFiles/cmTC_56a81.dir/src.cxx.o -c /home/jinwz/FoundationPoseROS2/FoundationPoseROS2/FoundationPose/eigen-3.4.0/build/CMakeFiles/CMakeTmp/src.cxx
Linking CXX executable cmTC_56a81
/usr/bin/cmake -E cmake_link_script CMakeFiles/cmTC_56a81.dir/link.txt --verbose=1
/usr/bin/c++  -std=c++03 -pedantic -Wall -Wextra -Wundef -Wcast-align -Wchar-subscripts -Wnon-virtual-dtor -Werror CMakeFiles/cmTC_56a81.dir/src.cxx.o -o cmTC_56a81 
gmake[1]: Leaving directory '/home/jinwz/FoundationPoseROS2/FoundationPoseROS2/FoundationPose/eigen-3.4.0/build/CMakeFiles/CMakeTmp'


Source file was:
int main() { return 0; }
Performing C++ SOURCE FILE Test COMPILER_SUPPORT_Wpointerarith succeeded with the following output:
Change Dir: /home/jinwz/FoundationPoseROS2/FoundationPoseROS2/FoundationPose/eigen-3.4.0/build/CMakeFiles/CMakeTmp

Run Build Command(s):/usr/bin/gmake -f Makefile cmTC_419fe/fast && /usr/bin/gmake  -f CMakeFiles/cmTC_419fe.dir/build.make CMakeFiles/cmTC_419fe.dir/build
gmake[1]: Entering directory '/home/jinwz/FoundationPoseROS2/FoundationPoseROS2/FoundationPose/eigen-3.4.0/build/CMakeFiles/CMakeTmp'
Building CXX object CMakeFiles/cmTC_419fe.dir/src.cxx.o
/usr/bin/c++ -DCOMPILER_SUPPORT_Wpointerarith  -std=c++03 -pedantic -Wall -Wextra -Wundef -Wcast-align -Wchar-subscripts -Wnon-virtual-dtor -Wunused-local-typedefs -Werror   -Wpointer-arith -o CMakeFiles/cmTC_419fe.dir/src.cxx.o -c /home/jinwz/FoundationPoseROS2/FoundationPoseROS2/FoundationPose/eigen-3.4.0/build/CMakeFiles/CMakeTmp/src.cxx
Linking CXX executable cmTC_419fe
/usr/bin/cmake -E cmake_link_script CMakeFiles/cmTC_419fe.dir/link.txt --verbose=1
/usr/bin/c++  -std=c++03 -pedantic -Wall -Wextra -Wundef -Wcast-align -Wchar-subscripts -Wnon-virtual-dtor -Wunused-local-typedefs -Werror CMakeFiles/cmTC_419fe.dir/src.cxx.o -o cmTC_419fe 
gmake[1]: Leaving directory '/home/jinwz/FoundationPoseROS2/FoundationPoseROS2/FoundationPose/eigen-3.4.0/build/CMakeFiles/CMakeTmp'


Source file was:
int main() { return 0; }
Performing C++ SOURCE FILE Test COMPILER_SUPPORT_Wwritestrings succeeded with the following output:
Change Dir: /home/jinwz/FoundationPoseROS2/FoundationPoseROS2/FoundationPose/eigen-3.4.0/build/CMakeFiles/CMakeTmp

Run Build Command(s):/usr/bin/gmake -f Makefile cmTC_2a149/fast && /usr/bin/gmake  -f CMakeFiles/cmTC_2a149.dir/build.make CMakeFiles/cmTC_2a149.dir/build
gmake[1]: Entering directory '/home/jinwz/FoundationPoseROS2/FoundationPoseROS2/FoundationPose/eigen-3.4.0/build/CMakeFiles/CMakeTmp'
Building CXX object CMakeFiles/cmTC_2a149.dir/src.cxx.o
/usr/bin/c++ -DCOMPILER_SUPPORT_Wwritestrings  -std=c++03 -pedantic -Wall -Wextra -Wundef -Wcast-align -Wchar-subscripts -Wnon-virtual-dtor -Wunused-local-typedefs -Wpointer-arith -Werror   -Wwrite-strings -o CMakeFiles/cmTC_2a149.dir/src.cxx.o -c /home/jinwz/FoundationPoseROS2/FoundationPoseROS2/FoundationPose/eigen-3.4.0/build/CMakeFiles/CMakeTmp/src.cxx
Linking CXX executable cmTC_2a149
/usr/bin/cmake -E cmake_link_script CMakeFiles/cmTC_2a149.dir/link.txt --verbose=1
/usr/bin/c++  -std=c++03 -pedantic -Wall -Wextra -Wundef -Wcast-align -Wchar-subscripts -Wnon-virtual-dtor -Wunused-local-typedefs -Wpointer-arith -Werror CMakeFiles/cmTC_2a149.dir/src.cxx.o -o cmTC_2a149 
gmake[1]: Leaving directory '/home/jinwz/FoundationPoseROS2/FoundationPoseROS2/FoundationPose/eigen-3.4.0/build/CMakeFiles/CMakeTmp'


Source file was:
int main() { return 0; }
Performing C++ SOURCE FILE Test COMPILER_SUPPORT_Wformatsecurity succeeded with the following output:
Change Dir: /home/jinwz/FoundationPoseROS2/FoundationPoseROS2/FoundationPose/eigen-3.4.0/build/CMakeFiles/CMakeTmp

Run Build Command(s):/usr/bin/gmake -f Makefile cmTC_49118/fast && /usr/bin/gmake  -f CMakeFiles/cmTC_49118.dir/build.make CMakeFiles/cmTC_49118.dir/build
gmake[1]: Entering directory '/home/jinwz/FoundationPoseROS2/FoundationPoseROS2/FoundationPose/eigen-3.4.0/build/CMakeFiles/CMakeTmp'
Building CXX object CMakeFiles/cmTC_49118.dir/src.cxx.o
/usr/bin/c++ -DCOMPILER_SUPPORT_Wformatsecurity  -std=c++03 -pedantic -Wall -Wextra -Wundef -Wcast-align -Wchar-subscripts -Wnon-virtual-dtor -Wunused-local-typedefs -Wpointer-arith -Wwrite-strings -Werror   -Wformat-security -o CMakeFiles/cmTC_49118.dir/src.cxx.o -c /home/jinwz/FoundationPoseROS2/FoundationPoseROS2/FoundationPose/eigen-3.4.0/build/CMakeFiles/CMakeTmp/src.cxx
Linking CXX executable cmTC_49118
/usr/bin/cmake -E cmake_link_script CMakeFiles/cmTC_49118.dir/link.txt --verbose=1
/usr/bin/c++  -std=c++03 -pedantic -Wall -Wextra -Wundef -Wcast-align -Wchar-subscripts -Wnon-virtual-dtor -Wunused-local-typedefs -Wpointer-arith -Wwrite-strings -Werror CMakeFiles/cmTC_49118.dir/src.cxx.o -o cmTC_49118 
gmake[1]: Leaving directory '/home/jinwz/FoundationPoseROS2/FoundationPoseROS2/FoundationPose/eigen-3.4.0/build/CMakeFiles/CMakeTmp'


Source file was:
int main() { return 0; }
Performing C++ SOURCE FILE Test COMPILER_SUPPORT_Wlogicalop succeeded with the following output:
Change Dir: /home/jinwz/FoundationPoseROS2/FoundationPoseROS2/FoundationPose/eigen-3.4.0/build/CMakeFiles/CMakeTmp

Run Build Command(s):/usr/bin/gmake -f Makefile cmTC_f378a/fast && /usr/bin/gmake  -f CMakeFiles/cmTC_f378a.dir/build.make CMakeFiles/cmTC_f378a.dir/build
gmake[1]: Entering directory '/home/jinwz/FoundationPoseROS2/FoundationPoseROS2/FoundationPose/eigen-3.4.0/build/CMakeFiles/CMakeTmp'
Building CXX object CMakeFiles/cmTC_f378a.dir/src.cxx.o
/usr/bin/c++ -DCOMPILER_SUPPORT_Wlogicalop  -std=c++03 -pedantic -Wall -Wextra -Wundef -Wcast-align -Wchar-subscripts -Wnon-virtual-dtor -Wunused-local-typedefs -Wpointer-arith -Wwrite-strings -Wformat-security -Werror   -Wlogical-op -o CMakeFiles/cmTC_f378a.dir/src.cxx.o -c /home/jinwz/FoundationPoseROS2/FoundationPoseROS2/FoundationPose/eigen-3.4.0/build/CMakeFiles/CMakeTmp/src.cxx
Linking CXX executable cmTC_f378a
/usr/bin/cmake -E cmake_link_script CMakeFiles/cmTC_f378a.dir/link.txt --verbose=1
/usr/bin/c++  -std=c++03 -pedantic -Wall -Wextra -Wundef -Wcast-align -Wchar-subscripts -Wnon-virtual-dtor -Wunused-local-typedefs -Wpointer-arith -Wwrite-strings -Wformat-security -Werror CMakeFiles/cmTC_f378a.dir/src.cxx.o -o cmTC_f378a 
gmake[1]: Leaving directory '/home/jinwz/FoundationPoseROS2/FoundationPoseROS2/FoundationPose/eigen-3.4.0/build/CMakeFiles/CMakeTmp'


Source file was:
int main() { return 0; }
Performing C++ SOURCE FILE Test COMPILER_SUPPORT_Wenumconversion succeeded with the following output:
Change Dir: /home/jinwz/FoundationPoseROS2/FoundationPoseROS2/FoundationPose/eigen-3.4.0/build/CMakeFiles/CMakeTmp

Run Build Command(s):/usr/bin/gmake -f Makefile cmTC_0b6d3/fast && /usr/bin/gmake  -f CMakeFiles/cmTC_0b6d3.dir/build.make CMakeFiles/cmTC_0b6d3.dir/build
gmake[1]: Entering directory '/home/jinwz/FoundationPoseROS2/FoundationPoseROS2/FoundationPose/eigen-3.4.0/build/CMakeFiles/CMakeTmp'
Building CXX object CMakeFiles/cmTC_0b6d3.dir/src.cxx.o
/usr/bin/c++ -DCOMPILER_SUPPORT_Wenumconversion  -std=c++03 -pedantic -Wall -Wextra -Wundef -Wcast-align -Wchar-subscripts -Wnon-virtual-dtor -Wunused-local-typedefs -Wpointer-arith -Wwrite-strings -Wformat-security -Wlogical-op -Werror   -Wenum-conversion -o CMakeFiles/cmTC_0b6d3.dir/src.cxx.o -c /home/jinwz/FoundationPoseROS2/FoundationPoseROS2/FoundationPose/eigen-3.4.0/build/CMakeFiles/CMakeTmp/src.cxx
Linking CXX executable cmTC_0b6d3
/usr/bin/cmake -E cmake_link_script CMakeFiles/cmTC_0b6d3.dir/link.txt --verbose=1
/usr/bin/c++  -std=c++03 -pedantic -Wall -Wextra -Wundef -Wcast-align -Wchar-subscripts -Wnon-virtual-dtor -Wunused-local-typedefs -Wpointer-arith -Wwrite-strings -Wformat-security -Wlogical-op -Werror CMakeFiles/cmTC_0b6d3.dir/src.cxx.o -o cmTC_0b6d3 
gmake[1]: Leaving directory '/home/jinwz/FoundationPoseROS2/FoundationPoseROS2/FoundationPose/eigen-3.4.0/build/CMakeFiles/CMakeTmp'


Source file was:
int main() { return 0; }
Performing C++ SOURCE FILE Test COMPILER_SUPPORT_Wdoublepromotion succeeded with the following output:
Change Dir: /home/jinwz/FoundationPoseROS2/FoundationPoseROS2/FoundationPose/eigen-3.4.0/build/CMakeFiles/CMakeTmp

Run Build Command(s):/usr/bin/gmake -f Makefile cmTC_8f881/fast && /usr/bin/gmake  -f CMakeFiles/cmTC_8f881.dir/build.make CMakeFiles/cmTC_8f881.dir/build
gmake[1]: Entering directory '/home/jinwz/FoundationPoseROS2/FoundationPoseROS2/FoundationPose/eigen-3.4.0/build/CMakeFiles/CMakeTmp'
Building CXX object CMakeFiles/cmTC_8f881.dir/src.cxx.o
/usr/bin/c++ -DCOMPILER_SUPPORT_Wdoublepromotion  -std=c++03 -pedantic -Wall -Wextra -Wundef -Wcast-align -Wchar-subscripts -Wnon-virtual-dtor -Wunused-local-typedefs -Wpointer-arith -Wwrite-strings -Wformat-security -Wlogical-op -Wenum-conversion -Werror   -Wdouble-promotion -o CMakeFiles/cmTC_8f881.dir/src.cxx.o -c /home/jinwz/FoundationPoseROS2/FoundationPoseROS2/FoundationPose/eigen-3.4.0/build/CMakeFiles/CMakeTmp/src.cxx
Linking CXX executable cmTC_8f881
/usr/bin/cmake -E cmake_link_script CMakeFiles/cmTC_8f881.dir/link.txt --verbose=1
/usr/bin/c++  -std=c++03 -pedantic -Wall -Wextra -Wundef -Wcast-align -Wchar-subscripts -Wnon-virtual-dtor -Wunused-local-typedefs -Wpointer-arith -Wwrite-strings -Wformat-security -Wlogical-op -Wenum-conversion -Werror CMakeFiles/cmTC_8f881.dir/src.cxx.o -o cmTC_8f881 
gmake[1]: Leaving directory '/home/jinwz/FoundationPoseROS2/FoundationPoseROS2/FoundationPose/eigen-3.4.0/build/CMakeFiles/CMakeTmp'


Source file was:
int main() { return 0; }
Performing C++ SOURCE FILE Test COMPILER_SUPPORT_Wshadow succeeded with the following output:
Change Dir: /home/jinwz/FoundationPoseROS2/FoundationPoseROS2/FoundationPose/eigen-3.4.0/build/CMakeFiles/CMakeTmp

Run Build Command(s):/usr/bin/gmake -f Makefile cmTC_276f0/fast && /usr/bin/gmake  -f CMakeFiles/cmTC_276f0.dir/build.make CMakeFiles/cmTC_276f0.dir/build
gmake[1]: Entering directory '/home/jinwz/FoundationPoseROS2/FoundationPoseROS2/FoundationPose/eigen-3.4.0/build/CMakeFiles/CMakeTmp'
Building CXX object CMakeFiles/cmTC_276f0.dir/src.cxx.o
/usr/bin/c++ -DCOMPILER_SUPPORT_Wshadow  -std=c++03 -pedantic -Wall -Wextra -Wundef -Wcast-align -Wchar-subscripts -Wnon-virtual-dtor -Wunused-local-typedefs -Wpointer-arith -Wwrite-strings -Wformat-security -Wlogical-op -Wenum-conversion -Wdouble-promotion -Werror   -Wshadow -o CMakeFiles/cmTC_276f0.dir/src.cxx.o -c /home/jinwz/FoundationPoseROS2/FoundationPoseROS2/FoundationPose/eigen-3.4.0/build/CMakeFiles/CMakeTmp/src.cxx
Linking CXX executable cmTC_276f0
/usr/bin/cmake -E cmake_link_script CMakeFiles/cmTC_276f0.dir/link.txt --verbose=1
/usr/bin/c++  -std=c++03 -pedantic -Wall -Wextra -Wundef -Wcast-align -Wchar-subscripts -Wnon-virtual-dtor -Wunused-local-typedefs -Wpointer-arith -Wwrite-strings -Wformat-security -Wlogical-op -Wenum-conversion -Wdouble-promotion -Werror CMakeFiles/cmTC_276f0.dir/src.cxx.o -o cmTC_276f0 
gmake[1]: Leaving directory '/home/jinwz/FoundationPoseROS2/FoundationPoseROS2/FoundationPose/eigen-3.4.0/build/CMakeFiles/CMakeTmp'


Source file was:
int main() { return 0; }
Performing C++ SOURCE FILE Test COMPILER_SUPPORT_Wnopsabi succeeded with the following output:
Change Dir: /home/jinwz/FoundationPoseROS2/FoundationPoseROS2/FoundationPose/eigen-3.4.0/build/CMakeFiles/CMakeTmp

Run Build Command(s):/usr/bin/gmake -f Makefile cmTC_e6357/fast && /usr/bin/gmake  -f CMakeFiles/cmTC_e6357.dir/build.make CMakeFiles/cmTC_e6357.dir/build
gmake[1]: Entering directory '/home/jinwz/FoundationPoseROS2/FoundationPoseROS2/FoundationPose/eigen-3.4.0/build/CMakeFiles/CMakeTmp'
Building CXX object CMakeFiles/cmTC_e6357.dir/src.cxx.o
/usr/bin/c++ -DCOMPILER_SUPPORT_Wnopsabi  -std=c++03 -pedantic -Wall -Wextra -Wundef -Wcast-align -Wchar-subscripts -Wnon-virtual-dtor -Wunused-local-typedefs -Wpointer-arith -Wwrite-strings -Wformat-security -Wlogical-op -Wenum-conversion -Wdouble-promotion -Wshadow -Werror   -Wno-psabi -o CMakeFiles/cmTC_e6357.dir/src.cxx.o -c /home/jinwz/FoundationPoseROS2/FoundationPoseROS2/FoundationPose/eigen-3.4.0/build/CMakeFiles/CMakeTmp/src.cxx
Linking CXX executable cmTC_e6357
/usr/bin/cmake -E cmake_link_script CMakeFiles/cmTC_e6357.dir/link.txt --verbose=1
/usr/bin/c++  -std=c++03 -pedantic -Wall -Wextra -Wundef -Wcast-align -Wchar-subscripts -Wnon-virtual-dtor -Wunused-local-typedefs -Wpointer-arith -Wwrite-strings -Wformat-security -Wlogical-op -Wenum-conversion -Wdouble-promotion -Wshadow -Werror CMakeFiles/cmTC_e6357.dir/src.cxx.o -o cmTC_e6357 
gmake[1]: Leaving directory '/home/jinwz/FoundationPoseROS2/FoundationPoseROS2/FoundationPose/eigen-3.4.0/build/CMakeFiles/CMakeTmp'


Source file was:
int main() { return 0; }
Performing C++ SOURCE FILE Test COMPILER_SUPPORT_Wnovariadicmacros succeeded with the following output:
Change Dir: /home/jinwz/FoundationPoseROS2/FoundationPoseROS2/FoundationPose/eigen-3.4.0/build/CMakeFiles/CMakeTmp

Run Build Command(s):/usr/bin/gmake -f Makefile cmTC_c8da7/fast && /usr/bin/gmake  -f CMakeFiles/cmTC_c8da7.dir/build.make CMakeFiles/cmTC_c8da7.dir/build
gmake[1]: Entering directory '/home/jinwz/FoundationPoseROS2/FoundationPoseROS2/FoundationPose/eigen-3.4.0/build/CMakeFiles/CMakeTmp'
Building CXX object CMakeFiles/cmTC_c8da7.dir/src.cxx.o
/usr/bin/c++ -DCOMPILER_SUPPORT_Wnovariadicmacros  -std=c++03 -pedantic -Wall -Wextra -Wundef -Wcast-align -Wchar-subscripts -Wnon-virtual-dtor -Wunused-local-typedefs -Wpointer-arith -Wwrite-strings -Wformat-security -Wlogical-op -Wenum-conversion -Wdouble-promotion -Wshadow -Wno-psabi -Werror   -Wno-variadic-macros -o CMakeFiles/cmTC_c8da7.dir/src.cxx.o -c /home/jinwz/FoundationPoseROS2/FoundationPoseROS2/FoundationPose/eigen-3.4.0/build/CMakeFiles/CMakeTmp/src.cxx
Linking CXX executable cmTC_c8da7
/usr/bin/cmake -E cmake_link_script CMakeFiles/cmTC_c8da7.dir/link.txt --verbose=1
/usr/bin/c++  -std=c++03 -pedantic -Wall -Wextra -Wundef -Wcast-align -Wchar-subscripts -Wnon-virtual-dtor -Wunused-local-typedefs -Wpointer-arith -Wwrite-strings -Wformat-security -Wlogical-op -Wenum-conversion -Wdouble-promotion -Wshadow -Wno-psabi -Werror CMakeFiles/cmTC_c8da7.dir/src.cxx.o -o cmTC_c8da7 
gmake[1]: Leaving directory '/home/jinwz/FoundationPoseROS2/FoundationPoseROS2/FoundationPose/eigen-3.4.0/build/CMakeFiles/CMakeTmp'


Source file was:
int main() { return 0; }
Performing C++ SOURCE FILE Test COMPILER_SUPPORT_Wnolonglong succeeded with the following output:
Change Dir: /home/jinwz/FoundationPoseROS2/FoundationPoseROS2/FoundationPose/eigen-3.4.0/build/CMakeFiles/CMakeTmp

Run Build Command(s):/usr/bin/gmake -f Makefile cmTC_5754c/fast && /usr/bin/gmake  -f CMakeFiles/cmTC_5754c.dir/build.make CMakeFiles/cmTC_5754c.dir/build
gmake[1]: Entering directory '/home/jinwz/FoundationPoseROS2/FoundationPoseROS2/FoundationPose/eigen-3.4.0/build/CMakeFiles/CMakeTmp'
Building CXX object CMakeFiles/cmTC_5754c.dir/src.cxx.o
/usr/bin/c++ -DCOMPILER_SUPPORT_Wnolonglong  -std=c++03 -pedantic -Wall -Wextra -Wundef -Wcast-align -Wchar-subscripts -Wnon-virtual-dtor -Wunused-local-typedefs -Wpointer-arith -Wwrite-strings -Wformat-security -Wlogical-op -Wenum-conversion -Wdouble-promotion -Wshadow -Wno-psabi -Wno-variadic-macros -Werror   -Wno-long-long -o CMakeFiles/cmTC_5754c.dir/src.cxx.o -c /home/jinwz/FoundationPoseROS2/FoundationPoseROS2/FoundationPose/eigen-3.4.0/build/CMakeFiles/CMakeTmp/src.cxx
Linking CXX executable cmTC_5754c
/usr/bin/cmake -E cmake_link_script CMakeFiles/cmTC_5754c.dir/link.txt --verbose=1
/usr/bin/c++  -std=c++03 -pedantic -Wall -Wextra -Wundef -Wcast-align -Wchar-subscripts -Wnon-virtual-dtor -Wunused-local-typedefs -Wpointer-arith -Wwrite-strings -Wformat-security -Wlogical-op -Wenum-conversion -Wdouble-promotion -Wshadow -Wno-psabi -Wno-variadic-macros -Werror CMakeFiles/cmTC_5754c.dir/src.cxx.o -o cmTC_5754c 
gmake[1]: Leaving directory '/home/jinwz/FoundationPoseROS2/FoundationPoseROS2/FoundationPose/eigen-3.4.0/build/CMakeFiles/CMakeTmp'


Source file was:
int main() { return 0; }
Performing C++ SOURCE FILE Test COMPILER_SUPPORT_fnochecknew succeeded with the following output:
Change Dir: /home/jinwz/FoundationPoseROS2/FoundationPoseROS2/FoundationPose/eigen-3.4.0/build/CMakeFiles/CMakeTmp

Run Build Command(s):/usr/bin/gmake -f Makefile cmTC_8b0ce/fast && /usr/bin/gmake  -f CMakeFiles/cmTC_8b0ce.dir/build.make CMakeFiles/cmTC_8b0ce.dir/build
gmake[1]: Entering directory '/home/jinwz/FoundationPoseROS2/FoundationPoseROS2/FoundationPose/eigen-3.4.0/build/CMakeFiles/CMakeTmp'
Building CXX object CMakeFiles/cmTC_8b0ce.dir/src.cxx.o
/usr/bin/c++ -DCOMPILER_SUPPORT_fnochecknew  -std=c++03 -pedantic -Wall -Wextra -Wundef -Wcast-align -Wchar-subscripts -Wnon-virtual-dtor -Wunused-local-typedefs -Wpointer-arith -Wwrite-strings -Wformat-security -Wlogical-op -Wenum-conversion -Wdouble-promotion -Wshadow -Wno-psabi -Wno-variadic-macros -Wno-long-long -Werror   -fno-check-new -o CMakeFiles/cmTC_8b0ce.dir/src.cxx.o -c /home/jinwz/FoundationPoseROS2/FoundationPoseROS2/FoundationPose/eigen-3.4.0/build/CMakeFiles/CMakeTmp/src.cxx
Linking CXX executable cmTC_8b0ce
/usr/bin/cmake -E cmake_link_script CMakeFiles/cmTC_8b0ce.dir/link.txt --verbose=1
/usr/bin/c++  -std=c++03 -pedantic -Wall -Wextra -Wundef -Wcast-align -Wchar-subscripts -Wnon-virtual-dtor -Wunused-local-typedefs -Wpointer-arith -Wwrite-strings -Wformat-security -Wlogical-op -Wenum-conversion -Wdouble-promotion -Wshadow -Wno-psabi -Wno-variadic-macros -Wno-long-long -Werror CMakeFiles/cmTC_8b0ce.dir/src.cxx.o -o cmTC_8b0ce 
gmake[1]: Leaving directory '/home/jinwz/FoundationPoseROS2/FoundationPoseROS2/FoundationPose/eigen-3.4.0/build/CMakeFiles/CMakeTmp'


Source file was:
int main() { return 0; }
Performing C++ SOURCE FILE Test COMPILER_SUPPORT_fnocommon succeeded with the following output:
Change Dir: /home/jinwz/FoundationPoseROS2/FoundationPoseROS2/FoundationPose/eigen-3.4.0/build/CMakeFiles/CMakeTmp

Run Build Command(s):/usr/bin/gmake -f Makefile cmTC_f629f/fast && /usr/bin/gmake  -f CMakeFiles/cmTC_f629f.dir/build.make CMakeFiles/cmTC_f629f.dir/build
gmake[1]: Entering directory '/home/jinwz/FoundationPoseROS2/FoundationPoseROS2/FoundationPose/eigen-3.4.0/build/CMakeFiles/CMakeTmp'
Building CXX object CMakeFiles/cmTC_f629f.dir/src.cxx.o
/usr/bin/c++ -DCOMPILER_SUPPORT_fnocommon  -std=c++03 -pedantic -Wall -Wextra -Wundef -Wcast-align -Wchar-subscripts -Wnon-virtual-dtor -Wunused-local-typedefs -Wpointer-arith -Wwrite-strings -Wformat-security -Wlogical-op -Wenum-conversion -Wdouble-promotion -Wshadow -Wno-psabi -Wno-variadic-macros -Wno-long-long -fno-check-new -Werror   -fno-common -o CMakeFiles/cmTC_f629f.dir/src.cxx.o -c /home/jinwz/FoundationPoseROS2/FoundationPoseROS2/FoundationPose/eigen-3.4.0/build/CMakeFiles/CMakeTmp/src.cxx
Linking CXX executable cmTC_f629f
/usr/bin/cmake -E cmake_link_script CMakeFiles/cmTC_f629f.dir/link.txt --verbose=1
/usr/bin/c++  -std=c++03 -pedantic -Wall -Wextra -Wundef -Wcast-align -Wchar-subscripts -Wnon-virtual-dtor -Wunused-local-typedefs -Wpointer-arith -Wwrite-strings -Wformat-security -Wlogical-op -Wenum-conversion -Wdouble-promotion -Wshadow -Wno-psabi -Wno-variadic-macros -Wno-long-long -fno-check-new -Werror CMakeFiles/cmTC_f629f.dir/src.cxx.o -o cmTC_f629f 
gmake[1]: Leaving directory '/home/jinwz/FoundationPoseROS2/FoundationPoseROS2/FoundationPose/eigen-3.4.0/build/CMakeFiles/CMakeTmp'


Source file was:
int main() { return 0; }
Performing C++ SOURCE FILE Test COMPILER_SUPPORT_fstrictaliasing succeeded with the following output:
Change Dir: /home/jinwz/FoundationPoseROS2/FoundationPoseROS2/FoundationPose/eigen-3.4.0/build/CMakeFiles/CMakeTmp

Run Build Command(s):/usr/bin/gmake -f Makefile cmTC_8185d/fast && /usr/bin/gmake  -f CMakeFiles/cmTC_8185d.dir/build.make CMakeFiles/cmTC_8185d.dir/build
gmake[1]: Entering directory '/home/jinwz/FoundationPoseROS2/FoundationPoseROS2/FoundationPose/eigen-3.4.0/build/CMakeFiles/CMakeTmp'
Building CXX object CMakeFiles/cmTC_8185d.dir/src.cxx.o
/usr/bin/c++ -DCOMPILER_SUPPORT_fstrictaliasing  -std=c++03 -pedantic -Wall -Wextra -Wundef -Wcast-align -Wchar-subscripts -Wnon-virtual-dtor -Wunused-local-typedefs -Wpointer-arith -Wwrite-strings -Wformat-security -Wlogical-op -Wenum-conversion -Wdouble-promotion -Wshadow -Wno-psabi -Wno-variadic-macros -Wno-long-long -fno-check-new -fno-common -Werror   -fstrict-aliasing -o CMakeFiles/cmTC_8185d.dir/src.cxx.o -c /home/jinwz/FoundationPoseROS2/FoundationPoseROS2/FoundationPose/eigen-3.4.0/build/CMakeFiles/CMakeTmp/src.cxx
Linking CXX executable cmTC_8185d
/usr/bin/cmake -E cmake_link_script CMakeFiles/cmTC_8185d.dir/link.txt --verbose=1
/usr/bin/c++  -std=c++03 -pedantic -Wall -Wextra -Wundef -Wcast-align -Wchar-subscripts -Wnon-virtual-dtor -Wunused-local-typedefs -Wpointer-arith -Wwrite-strings -Wformat-security -Wlogical-op -Wenum-conversion -Wdouble-promotion -Wshadow -Wno-psabi -Wno-variadic-macros -Wno-long-long -fno-check-new -fno-common -Werror CMakeFiles/cmTC_8185d.dir/src.cxx.o -o cmTC_8185d 
gmake[1]: Leaving directory '/home/jinwz/FoundationPoseROS2/FoundationPoseROS2/FoundationPose/eigen-3.4.0/build/CMakeFiles/CMakeTmp'


Source file was:
int main() { return 0; }
Performing C++ SOURCE FILE Test COMPILER_SUPPORT_ansi succeeded with the following output:
Change Dir: /home/jinwz/FoundationPoseROS2/FoundationPoseROS2/FoundationPose/eigen-3.4.0/build/CMakeFiles/CMakeTmp

Run Build Command(s):/usr/bin/gmake -f Makefile cmTC_adcef/fast && /usr/bin/gmake  -f CMakeFiles/cmTC_adcef.dir/build.make CMakeFiles/cmTC_adcef.dir/build
gmake[1]: Entering directory '/home/jinwz/FoundationPoseROS2/FoundationPoseROS2/FoundationPose/eigen-3.4.0/build/CMakeFiles/CMakeTmp'
Building CXX object CMakeFiles/cmTC_adcef.dir/src.cxx.o
/usr/bin/c++ -DCOMPILER_SUPPORT_ansi  -std=c++03 -pedantic -Wall -Wextra -Wundef -Wcast-align -Wchar-subscripts -Wnon-virtual-dtor -Wunused-local-typedefs -Wpointer-arith -Wwrite-strings -Wformat-security -Wlogical-op -Wenum-conversion -Wdouble-promotion -Wshadow -Wno-psabi -Wno-variadic-macros -Wno-long-long -fno-check-new -fno-common -fstrict-aliasing -Werror   -ansi -o CMakeFiles/cmTC_adcef.dir/src.cxx.o -c /home/jinwz/FoundationPoseROS2/FoundationPoseROS2/FoundationPose/eigen-3.4.0/build/CMakeFiles/CMakeTmp/src.cxx
Linking CXX executable cmTC_adcef
/usr/bin/cmake -E cmake_link_script CMakeFiles/cmTC_adcef.dir/link.txt --verbose=1
/usr/bin/c++  -std=c++03 -pedantic -Wall -Wextra -Wundef -Wcast-align -Wchar-subscripts -Wnon-virtual-dtor -Wunused-local-typedefs -Wpointer-arith -Wwrite-strings -Wformat-security -Wlogical-op -Wenum-conversion -Wdouble-promotion -Wshadow -Wno-psabi -Wno-variadic-macros -Wno-long-long -fno-check-new -fno-common -fstrict-aliasing -Werror CMakeFiles/cmTC_adcef.dir/src.cxx.o -o cmTC_adcef 
gmake[1]: Leaving directory '/home/jinwz/FoundationPoseROS2/FoundationPoseROS2/FoundationPose/eigen-3.4.0/build/CMakeFiles/CMakeTmp'


Source file was:
int main() { return 0; }
Performing C++ SOURCE FILE Test COMPILER_SUPPORT_OPENMP succeeded with the following output:
Change Dir: /home/jinwz/FoundationPoseROS2/FoundationPoseROS2/FoundationPose/eigen-3.4.0/build/CMakeFiles/CMakeTmp

Run Build Command(s):/usr/bin/gmake -f Makefile cmTC_4a488/fast && /usr/bin/gmake  -f CMakeFiles/cmTC_4a488.dir/build.make CMakeFiles/cmTC_4a488.dir/build
gmake[1]: Entering directory '/home/jinwz/FoundationPoseROS2/FoundationPoseROS2/FoundationPose/eigen-3.4.0/build/CMakeFiles/CMakeTmp'
Building CXX object CMakeFiles/cmTC_4a488.dir/src.cxx.o
/usr/bin/c++ -DCOMPILER_SUPPORT_OPENMP  -std=c++03 -pedantic -Wall -Wextra -Wundef -Wcast-align -Wchar-subscripts -Wnon-virtual-dtor -Wunused-local-typedefs -Wpointer-arith -Wwrite-strings -Wformat-security -Wlogical-op -Wenum-conversion -Wdouble-promotion -Wshadow -Wno-psabi -Wno-variadic-macros -Wno-long-long -fno-check-new -fno-common -fstrict-aliasing -ansi    -fopenmp -o CMakeFiles/cmTC_4a488.dir/src.cxx.o -c /home/jinwz/FoundationPoseROS2/FoundationPoseROS2/FoundationPose/eigen-3.4.0/build/CMakeFiles/CMakeTmp/src.cxx
Linking CXX executable cmTC_4a488
/usr/bin/cmake -E cmake_link_script CMakeFiles/cmTC_4a488.dir/link.txt --verbose=1
/usr/bin/c++  -std=c++03 -pedantic -Wall -Wextra -Wundef -Wcast-align -Wchar-subscripts -Wnon-virtual-dtor -Wunused-local-typedefs -Wpointer-arith -Wwrite-strings -Wformat-security -Wlogical-op -Wenum-conversion -Wdouble-promotion -Wshadow -Wno-psabi -Wno-variadic-macros -Wno-long-long -fno-check-new -fno-common -fstrict-aliasing -ansi  CMakeFiles/cmTC_4a488.dir/src.cxx.o -o cmTC_4a488 
gmake[1]: Leaving directory '/home/jinwz/FoundationPoseROS2/FoundationPoseROS2/FoundationPose/eigen-3.4.0/build/CMakeFiles/CMakeTmp'


Source file was:
int main() { return 0; }
Looking for a Fortran compiler passed with the following output:
-- The Fortran compiler identification is GNU 11.4.0
-- Detecting Fortran compiler ABI info
-- Detecting Fortran compiler ABI info - done
-- Check for working Fortran compiler: /usr/bin/f95 - skipped
-- Configuring done
-- Generating done
-- Build files have been written to: /home/jinwz/FoundationPoseROS2/FoundationPoseROS2/FoundationPose/eigen-3.4.0/build/test/CMakeFiles/CheckFortran

Compiling the Fortran compiler identification source file "CMakeFortranCompilerId.F" succeeded.
Compiler: /usr/bin/f95 
Build flags: 
Id flags: -v 

The output was:
0
Driving: /usr/bin/f95 -v CMakeFortranCompilerId.F -l gfortran -l m -shared-libgcc
Using built-in specs.
COLLECT_GCC=/usr/bin/f95
COLLECT_LTO_WRAPPER=/usr/lib/gcc/x86_64-linux-gnu/11/lto-wrapper
OFFLOAD_TARGET_NAMES=nvptx-none:amdgcn-amdhsa
OFFLOAD_TARGET_DEFAULT=1
Target: x86_64-linux-gnu
Configured with: ../src/configure -v --with-pkgversion='Ubuntu 11.4.0-1ubuntu1~22.04.3' --with-bugurl=file:///usr/share/doc/gcc-11/README.Bugs --enable-languages=c,ada,c++,go,brig,d,fortran,objc,obj-c++,m2 --prefix=/usr --with-gcc-major-version-only --program-suffix=-11 --program-prefix=x86_64-linux-gnu- --enable-shared --enable-linker-build-id --libexecdir=/usr/lib --without-included-gettext --enable-threads=posix --libdir=/usr/lib --enable-nls --enable-bootstrap --enable-clocale=gnu --enable-libstdcxx-debug --enable-libstdcxx-time=yes --with-default-libstdcxx-abi=new --enable-gnu-unique-object --disable-vtable-verify --enable-plugin --enable-default-pie --with-system-zlib --enable-libphobos-checking=release --with-target-system-zlib=auto --enable-objc-gc=auto --enable-multiarch --disable-werror --enable-cet --with-arch-32=i686 --with-abi=m64 --with-multilib-list=m32,m64,mx32 --enable-multilib --with-tune=generic --enable-offload-targets=nvptx-none=/build/gcc-11-0odw26/gcc-11-11.4.0/debian/tmp-nvptx/usr,amdgcn-amdhsa=/build/gcc-11-0odw26/gcc-11-11.4.0/debian/tmp-gcn/usr --without-cuda-driver --enable-checking=release --build=x86_64-linux-gnu --host=x86_64-linux-gnu --target=x86_64-linux-gnu --with-build-config=bootstrap-lto-lean --enable-link-serialization=2
Thread model: posix
Supported LTO compression algorithms: zlib zstd
gcc version 11.4.0 (Ubuntu 11.4.0-1ubuntu1~22.04.3) 
COLLECT_GCC_OPTIONS='-v' '-shared-libgcc' '-mtune=generic' '-march=x86-64' '-dumpdir' 'a-'
 /usr/lib/gcc/x86_64-linux-gnu/11/f951 CMakeFortranCompilerId.F -ffixed-form -cpp=/tmp/cci3zdXM.f90 -quiet -v -imultiarch x86_64-linux-gnu CMakeFortranCompilerId.F -quiet -dumpdir a- -dumpbase CMakeFortranCompilerId.F -dumpbase-ext .F -mtune=generic -march=x86-64 -version -fintrinsic-modules-path /usr/lib/gcc/x86_64-linux-gnu/11/finclude -fpre-include=/usr/include/finclude/math-vector-fortran.h -o /tmp/cckqNAG7.s
GNU Fortran (Ubuntu 11.4.0-1ubuntu1~22.04.3) version 11.4.0 (x86_64-linux-gnu)
	compiled by GNU C version 11.4.0, GMP version 6.2.1, MPFR version 4.1.0, MPC version 1.2.1, isl version isl-0.24-GMP

GGC heuristics: --param ggc-min-expand=100 --param ggc-min-heapsize=131072
ignoring nonexistent directory "/usr/local/include/x86_64-linux-gnu"
ignoring nonexistent directory "/usr/lib/gcc/x86_64-linux-gnu/11/include-fixed"
ignoring nonexistent directory "/usr/lib/gcc/x86_64-linux-gnu/11/../../../../x86_64-linux-gnu/include"
#include "..." search starts here:
#include <...> search starts here:
 /usr/lib/gcc/x86_64-linux-gnu/11/finclude
 /usr/lib/gcc/x86_64-linux-gnu/11/include
 /usr/local/include
 /usr/include/x86_64-linux-gnu
 /usr/include
End of search list.
GNU Fortran2008 (Ubuntu 11.4.0-1ubuntu1~22.04.3) version 11.4.0 (x86_64-linux-gnu)
	compiled by GNU C version 11.4.0, GMP version 6.2.1, MPFR version 4.1.0, MPC version 1.2.1, isl version isl-0.24-GMP

GGC heuristics: --param ggc-min-expand=100 --param ggc-min-heapsize=131072
COLLECT_GCC_OPTIONS='-v' '-shared-libgcc' '-mtune=generic' '-march=x86-64' '-dumpdir' 'a-'
 as -v --64 -o /tmp/ccjfj1WJ.o /tmp/cckqNAG7.s
GNU汇编版本 2.38 (x86_64-linux-gnu) 使用BFD版本 (GNU Binutils for Ubuntu) 2.38
Reading specs from /usr/lib/gcc/x86_64-linux-gnu/11/libgfortran.spec
rename spec lib to liborig
COLLECT_GCC_OPTIONS='-v' '-shared-libgcc' '-mtune=generic' '-march=x86-64' '-dumpdir' 'a-'
COMPILER_PATH=/usr/lib/gcc/x86_64-linux-gnu/11/:/usr/lib/gcc/x86_64-linux-gnu/11/:/usr/lib/gcc/x86_64-linux-gnu/:/usr/lib/gcc/x86_64-linux-gnu/11/:/usr/lib/gcc/x86_64-linux-gnu/
LIBRARY_PATH=/usr/lib/gcc/x86_64-linux-gnu/11/:/usr/lib/gcc/x86_64-linux-gnu/11/../../../x86_64-linux-gnu/:/usr/lib/gcc/x86_64-linux-gnu/11/../../../../lib/:/lib/x86_64-linux-gnu/:/lib/../lib/:/usr/lib/x86_64-linux-gnu/:/usr/lib/../lib/:/usr/lib/gcc/x86_64-linux-gnu/11/../../../:/lib/:/usr/lib/
COLLECT_GCC_OPTIONS='-v' '-shared-libgcc' '-mtune=generic' '-march=x86-64' '-dumpdir' 'a.'
 /usr/lib/gcc/x86_64-linux-gnu/11/collect2 -plugin /usr/lib/gcc/x86_64-linux-gnu/11/liblto_plugin.so -plugin-opt=/usr/lib/gcc/x86_64-linux-gnu/11/lto-wrapper -plugin-opt=-fresolution=/tmp/ccpSQAVN.res -plugin-opt=-pass-through=-lgcc_s -plugin-opt=-pass-through=-lgcc -plugin-opt=-pass-through=-lquadmath -plugin-opt=-pass-through=-lm -plugin-opt=-pass-through=-lgcc_s -plugin-opt=-pass-through=-lgcc -plugin-opt=-pass-through=-lc -plugin-opt=-pass-through=-lgcc_s -plugin-opt=-pass-through=-lgcc --build-id --eh-frame-hdr -m elf_x86_64 --hash-style=gnu --as-needed -dynamic-linker /lib64/ld-linux-x86-64.so.2 -pie -z now -z relro /usr/lib/gcc/x86_64-linux-gnu/11/../../../x86_64-linux-gnu/Scrt1.o /usr/lib/gcc/x86_64-linux-gnu/11/../../../x86_64-linux-gnu/crti.o /usr/lib/gcc/x86_64-linux-gnu/11/crtbeginS.o -L/usr/lib/gcc/x86_64-linux-gnu/11 -L/usr/lib/gcc/x86_64-linux-gnu/11/../../../x86_64-linux-gnu -L/usr/lib/gcc/x86_64-linux-gnu/11/../../../../lib -L/lib/x86_64-linux-gnu -L/lib/../lib -L/usr/lib/x86_64-linux-gnu -L/usr/lib/../lib -L/usr/lib/gcc/x86_64-linux-gnu/11/../../.. /tmp/ccjfj1WJ.o -lgfortran -lm -lgcc_s -lgcc -lquadmath -lm -lgcc_s -lgcc -lc -lgcc_s -lgcc /usr/lib/gcc/x86_64-linux-gnu/11/crtendS.o /usr/lib/gcc/x86_64-linux-gnu/11/../../../x86_64-linux-gnu/crtn.o
COLLECT_GCC_OPTIONS='-v' '-shared-libgcc' '-mtune=generic' '-march=x86-64' '-dumpdir' 'a.'


Compilation of the Fortran compiler identification source "CMakeFortranCompilerId.F" produced "a.out"

The Fortran compiler identification is GNU, found in "/home/jinwz/FoundationPoseROS2/FoundationPoseROS2/FoundationPose/eigen-3.4.0/build/CMakeFiles/3.22.1/CompilerIdFortran/a.out"

Detecting Fortran compiler ABI info compiled with the following output:
Change Dir: /home/jinwz/FoundationPoseROS2/FoundationPoseROS2/FoundationPose/eigen-3.4.0/build/CMakeFiles/CMakeTmp

Run Build Command(s):/usr/bin/gmake -f Makefile cmTC_2911f/fast && /usr/bin/gmake  -f CMakeFiles/cmTC_2911f.dir/build.make CMakeFiles/cmTC_2911f.dir/build
gmake[1]: Entering directory '/home/jinwz/FoundationPoseROS2/FoundationPoseROS2/FoundationPose/eigen-3.4.0/build/CMakeFiles/CMakeTmp'
Building Fortran object CMakeFiles/cmTC_2911f.dir/CMakeFortranCompilerABI.F90.o
/usr/bin/f95   -v -c /usr/share/cmake-3.22/Modules/CMakeFortranCompilerABI.F90 -o CMakeFiles/cmTC_2911f.dir/CMakeFortranCompilerABI.F90.o
Using built-in specs.
COLLECT_GCC=/usr/bin/f95
OFFLOAD_TARGET_NAMES=nvptx-none:amdgcn-amdhsa
OFFLOAD_TARGET_DEFAULT=1
Target: x86_64-linux-gnu
Configured with: ../src/configure -v --with-pkgversion='Ubuntu 11.4.0-1ubuntu1~22.04.3' --with-bugurl=file:///usr/share/doc/gcc-11/README.Bugs --enable-languages=c,ada,c++,go,brig,d,fortran,objc,obj-c++,m2 --prefix=/usr --with-gcc-major-version-only --program-suffix=-11 --program-prefix=x86_64-linux-gnu- --enable-shared --enable-linker-build-id --libexecdir=/usr/lib --without-included-gettext --enable-threads=posix --libdir=/usr/lib --enable-nls --enable-bootstrap --enable-clocale=gnu --enable-libstdcxx-debug --enable-libstdcxx-time=yes --with-default-libstdcxx-abi=new --enable-gnu-unique-object --disable-vtable-verify --enable-plugin --enable-default-pie --with-system-zlib --enable-libphobos-checking=release --with-target-system-zlib=auto --enable-objc-gc=auto --enable-multiarch --disable-werror --enable-cet --with-arch-32=i686 --with-abi=m64 --with-multilib-list=m32,m64,mx32 --enable-multilib --with-tune=generic --enable-offload-targets=nvptx-none=/build/gcc-11-0odw26/gcc-11-11.4.0/debian/tmp-nvptx/usr,amdgcn-amdhsa=/build/gcc-11-0odw26/gcc-11-11.4.0/debian/tmp-gcn/usr --without-cuda-driver --enable-checking=release --build=x86_64-linux-gnu --host=x86_64-linux-gnu --target=x86_64-linux-gnu --with-build-config=bootstrap-lto-lean --enable-link-serialization=2
Thread model: posix
Supported LTO compression algorithms: zlib zstd
gcc version 11.4.0 (Ubuntu 11.4.0-1ubuntu1~22.04.3) 
COLLECT_GCC_OPTIONS='-v' '-c' '-o' 'CMakeFiles/cmTC_2911f.dir/CMakeFortranCompilerABI.F90.o' '-mtune=generic' '-march=x86-64' '-dumpdir' 'CMakeFiles/cmTC_2911f.dir/'
 /usr/lib/gcc/x86_64-linux-gnu/11/f951 /usr/share/cmake-3.22/Modules/CMakeFortranCompilerABI.F90 -cpp=/tmp/ccwaTpko.f90 -quiet -v -imultiarch x86_64-linux-gnu /usr/share/cmake-3.22/Modules/CMakeFortranCompilerABI.F90 -quiet -dumpdir CMakeFiles/cmTC_2911f.dir/ -dumpbase CMakeFortranCompilerABI.F90.F90 -dumpbase-ext .F90 -mtune=generic -march=x86-64 -version -fintrinsic-modules-path /usr/lib/gcc/x86_64-linux-gnu/11/finclude -fpre-include=/usr/include/finclude/math-vector-fortran.h -o /tmp/cc7i2aWc.s
GNU Fortran (Ubuntu 11.4.0-1ubuntu1~22.04.3) version 11.4.0 (x86_64-linux-gnu)
	compiled by GNU C version 11.4.0, GMP version 6.2.1, MPFR version 4.1.0, MPC version 1.2.1, isl version isl-0.24-GMP

GGC heuristics: --param ggc-min-expand=100 --param ggc-min-heapsize=131072
ignoring nonexistent directory "/usr/local/include/x86_64-linux-gnu"
ignoring nonexistent directory "/usr/lib/gcc/x86_64-linux-gnu/11/include-fixed"
ignoring nonexistent directory "/usr/lib/gcc/x86_64-linux-gnu/11/../../../../x86_64-linux-gnu/include"
#include "..." search starts here:
#include <...> search starts here:
 /usr/lib/gcc/x86_64-linux-gnu/11/finclude
 /usr/lib/gcc/x86_64-linux-gnu/11/include
 /usr/local/include
 /usr/include/x86_64-linux-gnu
 /usr/include
End of search list.
GNU Fortran2008 (Ubuntu 11.4.0-1ubuntu1~22.04.3) version 11.4.0 (x86_64-linux-gnu)
	compiled by GNU C version 11.4.0, GMP version 6.2.1, MPFR version 4.1.0, MPC version 1.2.1, isl version isl-0.24-GMP

GGC heuristics: --param ggc-min-expand=100 --param ggc-min-heapsize=131072
COLLECT_GCC_OPTIONS='-v' '-c' '-o' 'CMakeFiles/cmTC_2911f.dir/CMakeFortranCompilerABI.F90.o' '-mtune=generic' '-march=x86-64' '-dumpdir' 'CMakeFiles/cmTC_2911f.dir/'
 as -v --64 -o CMakeFiles/cmTC_2911f.dir/CMakeFortranCompilerABI.F90.o /tmp/cc7i2aWc.s
GNU assembler version 2.38 (x86_64-linux-gnu) using BFD version (GNU Binutils for Ubuntu) 2.38
COMPILER_PATH=/usr/lib/gcc/x86_64-linux-gnu/11/:/usr/lib/gcc/x86_64-linux-gnu/11/:/usr/lib/gcc/x86_64-linux-gnu/:/usr/lib/gcc/x86_64-linux-gnu/11/:/usr/lib/gcc/x86_64-linux-gnu/
LIBRARY_PATH=/usr/lib/gcc/x86_64-linux-gnu/11/:/usr/lib/gcc/x86_64-linux-gnu/11/../../../x86_64-linux-gnu/:/usr/lib/gcc/x86_64-linux-gnu/11/../../../../lib/:/lib/x86_64-linux-gnu/:/lib/../lib/:/usr/lib/x86_64-linux-gnu/:/usr/lib/../lib/:/usr/lib/gcc/x86_64-linux-gnu/11/../../../:/lib/:/usr/lib/
COLLECT_GCC_OPTIONS='-v' '-c' '-o' 'CMakeFiles/cmTC_2911f.dir/CMakeFortranCompilerABI.F90.o' '-mtune=generic' '-march=x86-64' '-dumpdir' 'CMakeFiles/cmTC_2911f.dir/CMakeFortranCompilerABI.F90.'
Linking Fortran executable cmTC_2911f
/usr/bin/cmake -E cmake_link_script CMakeFiles/cmTC_2911f.dir/link.txt --verbose=1
/usr/bin/f95  -v CMakeFiles/cmTC_2911f.dir/CMakeFortranCompilerABI.F90.o -o cmTC_2911f 
Driving: /usr/bin/f95 -v CMakeFiles/cmTC_2911f.dir/CMakeFortranCompilerABI.F90.o -o cmTC_2911f -l gfortran -l m -shared-libgcc
Using built-in specs.
COLLECT_GCC=/usr/bin/f95
COLLECT_LTO_WRAPPER=/usr/lib/gcc/x86_64-linux-gnu/11/lto-wrapper
OFFLOAD_TARGET_NAMES=nvptx-none:amdgcn-amdhsa
OFFLOAD_TARGET_DEFAULT=1
Target: x86_64-linux-gnu
Configured with: ../src/configure -v --with-pkgversion='Ubuntu 11.4.0-1ubuntu1~22.04.3' --with-bugurl=file:///usr/share/doc/gcc-11/README.Bugs --enable-languages=c,ada,c++,go,brig,d,fortran,objc,obj-c++,m2 --prefix=/usr --with-gcc-major-version-only --program-suffix=-11 --program-prefix=x86_64-linux-gnu- --enable-shared --enable-linker-build-id --libexecdir=/usr/lib --without-included-gettext --enable-threads=posix --libdir=/usr/lib --enable-nls --enable-bootstrap --enable-clocale=gnu --enable-libstdcxx-debug --enable-libstdcxx-time=yes --with-default-libstdcxx-abi=new --enable-gnu-unique-object --disable-vtable-verify --enable-plugin --enable-default-pie --with-system-zlib --enable-libphobos-checking=release --with-target-system-zlib=auto --enable-objc-gc=auto --enable-multiarch --disable-werror --enable-cet --with-arch-32=i686 --with-abi=m64 --with-multilib-list=m32,m64,mx32 --enable-multilib --with-tune=generic --enable-offload-targets=nvptx-none=/build/gcc-11-0odw26/gcc-11-11.4.0/debian/tmp-nvptx/usr,amdgcn-amdhsa=/build/gcc-11-0odw26/gcc-11-11.4.0/debian/tmp-gcn/usr --without-cuda-driver --enable-checking=release --build=x86_64-linux-gnu --host=x86_64-linux-gnu --target=x86_64-linux-gnu --with-build-config=bootstrap-lto-lean --enable-link-serialization=2
Thread model: posix
Supported LTO compression algorithms: zlib zstd
gcc version 11.4.0 (Ubuntu 11.4.0-1ubuntu1~22.04.3) 
Reading specs from /usr/lib/gcc/x86_64-linux-gnu/11/libgfortran.spec
rename spec lib to liborig
COLLECT_GCC_OPTIONS='-v' '-o' 'cmTC_2911f' '-shared-libgcc' '-mtune=generic' '-march=x86-64' '-dumpdir' 'cmTC_2911f-'
COMPILER_PATH=/usr/lib/gcc/x86_64-linux-gnu/11/:/usr/lib/gcc/x86_64-linux-gnu/11/:/usr/lib/gcc/x86_64-linux-gnu/:/usr/lib/gcc/x86_64-linux-gnu/11/:/usr/lib/gcc/x86_64-linux-gnu/
LIBRARY_PATH=/usr/lib/gcc/x86_64-linux-gnu/11/:/usr/lib/gcc/x86_64-linux-gnu/11/../../../x86_64-linux-gnu/:/usr/lib/gcc/x86_64-linux-gnu/11/../../../../lib/:/lib/x86_64-linux-gnu/:/lib/../lib/:/usr/lib/x86_64-linux-gnu/:/usr/lib/../lib/:/usr/lib/gcc/x86_64-linux-gnu/11/../../../:/lib/:/usr/lib/
COLLECT_GCC_OPTIONS='-v' '-o' 'cmTC_2911f' '-shared-libgcc' '-mtune=generic' '-march=x86-64' '-dumpdir' 'cmTC_2911f.'
 /usr/lib/gcc/x86_64-linux-gnu/11/collect2 -plugin /usr/lib/gcc/x86_64-linux-gnu/11/liblto_plugin.so -plugin-opt=/usr/lib/gcc/x86_64-linux-gnu/11/lto-wrapper -plugin-opt=-fresolution=/tmp/cccpOYpi.res -plugin-opt=-pass-through=-lgcc_s -plugin-opt=-pass-through=-lgcc -plugin-opt=-pass-through=-lquadmath -plugin-opt=-pass-through=-lm -plugin-opt=-pass-through=-lgcc_s -plugin-opt=-pass-through=-lgcc -plugin-opt=-pass-through=-lc -plugin-opt=-pass-through=-lgcc_s -plugin-opt=-pass-through=-lgcc --build-id --eh-frame-hdr -m elf_x86_64 --hash-style=gnu --as-needed -dynamic-linker /lib64/ld-linux-x86-64.so.2 -pie -z now -z relro -o cmTC_2911f /usr/lib/gcc/x86_64-linux-gnu/11/../../../x86_64-linux-gnu/Scrt1.o /usr/lib/gcc/x86_64-linux-gnu/11/../../../x86_64-linux-gnu/crti.o /usr/lib/gcc/x86_64-linux-gnu/11/crtbeginS.o -L/usr/lib/gcc/x86_64-linux-gnu/11 -L/usr/lib/gcc/x86_64-linux-gnu/11/../../../x86_64-linux-gnu -L/usr/lib/gcc/x86_64-linux-gnu/11/../../../../lib -L/lib/x86_64-linux-gnu -L/lib/../lib -L/usr/lib/x86_64-linux-gnu -L/usr/lib/../lib -L/usr/lib/gcc/x86_64-linux-gnu/11/../../.. CMakeFiles/cmTC_2911f.dir/CMakeFortranCompilerABI.F90.o -lgfortran -lm -lgcc_s -lgcc -lquadmath -lm -lgcc_s -lgcc -lc -lgcc_s -lgcc /usr/lib/gcc/x86_64-linux-gnu/11/crtendS.o /usr/lib/gcc/x86_64-linux-gnu/11/../../../x86_64-linux-gnu/crtn.o
COLLECT_GCC_OPTIONS='-v' '-o' 'cmTC_2911f' '-shared-libgcc' '-mtune=generic' '-march=x86-64' '-dumpdir' 'cmTC_2911f.'
gmake[1]: Leaving directory '/home/jinwz/FoundationPoseROS2/FoundationPoseROS2/FoundationPose/eigen-3.4.0/build/CMakeFiles/CMakeTmp'



Parsed Fortran implicit include dir info from above output: rv=done
  found start of include info
  found start of implicit include info
    add: [/usr/lib/gcc/x86_64-linux-gnu/11/finclude]
    add: [/usr/lib/gcc/x86_64-linux-gnu/11/include]
    add: [/usr/local/include]
    add: [/usr/include/x86_64-linux-gnu]
    add: [/usr/include]
  end of search list found
  collapse include dir [/usr/lib/gcc/x86_64-linux-gnu/11/finclude] ==> [/usr/lib/gcc/x86_64-linux-gnu/11/finclude]
  collapse include dir [/usr/lib/gcc/x86_64-linux-gnu/11/include] ==> [/usr/lib/gcc/x86_64-linux-gnu/11/include]
  collapse include dir [/usr/local/include] ==> [/usr/local/include]
  collapse include dir [/usr/include/x86_64-linux-gnu] ==> [/usr/include/x86_64-linux-gnu]
  collapse include dir [/usr/include] ==> [/usr/include]
  implicit include dirs: [/usr/lib/gcc/x86_64-linux-gnu/11/finclude;/usr/lib/gcc/x86_64-linux-gnu/11/include;/usr/local/include;/usr/include/x86_64-linux-gnu;/usr/include]


Parsed Fortran implicit link information from above output:
  link line regex: [^( *|.*[/\])(ld|CMAKE_LINK_STARTFILE-NOTFOUND|([^/\]+-)?ld|collect2)[^/\]*( |$)]
  ignore line: [Change Dir: /home/jinwz/FoundationPoseROS2/FoundationPoseROS2/FoundationPose/eigen-3.4.0/build/CMakeFiles/CMakeTmp]
  ignore line: []
  ignore line: [Run Build Command(s):/usr/bin/gmake -f Makefile cmTC_2911f/fast && /usr/bin/gmake  -f CMakeFiles/cmTC_2911f.dir/build.make CMakeFiles/cmTC_2911f.dir/build]
  ignore line: [gmake[1]: Entering directory '/home/jinwz/FoundationPoseROS2/FoundationPoseROS2/FoundationPose/eigen-3.4.0/build/CMakeFiles/CMakeTmp']
  ignore line: [Building Fortran object CMakeFiles/cmTC_2911f.dir/CMakeFortranCompilerABI.F90.o]
  ignore line: [/usr/bin/f95   -v -c /usr/share/cmake-3.22/Modules/CMakeFortranCompilerABI.F90 -o CMakeFiles/cmTC_2911f.dir/CMakeFortranCompilerABI.F90.o]
  ignore line: [Using built-in specs.]
  ignore line: [COLLECT_GCC=/usr/bin/f95]
  ignore line: [OFFLOAD_TARGET_NAMES=nvptx-none:amdgcn-amdhsa]
  ignore line: [OFFLOAD_TARGET_DEFAULT=1]
  ignore line: [Target: x86_64-linux-gnu]
  ignore line: [Configured with: ../src/configure -v --with-pkgversion='Ubuntu 11.4.0-1ubuntu1~22.04.3' --with-bugurl=file:///usr/share/doc/gcc-11/README.Bugs --enable-languages=c ada c++ go brig d fortran objc obj-c++ m2 --prefix=/usr --with-gcc-major-version-only --program-suffix=-11 --program-prefix=x86_64-linux-gnu- --enable-shared --enable-linker-build-id --libexecdir=/usr/lib --without-included-gettext --enable-threads=posix --libdir=/usr/lib --enable-nls --enable-bootstrap --enable-clocale=gnu --enable-libstdcxx-debug --enable-libstdcxx-time=yes --with-default-libstdcxx-abi=new --enable-gnu-unique-object --disable-vtable-verify --enable-plugin --enable-default-pie --with-system-zlib --enable-libphobos-checking=release --with-target-system-zlib=auto --enable-objc-gc=auto --enable-multiarch --disable-werror --enable-cet --with-arch-32=i686 --with-abi=m64 --with-multilib-list=m32 m64 mx32 --enable-multilib --with-tune=generic --enable-offload-targets=nvptx-none=/build/gcc-11-0odw26/gcc-11-11.4.0/debian/tmp-nvptx/usr amdgcn-amdhsa=/build/gcc-11-0odw26/gcc-11-11.4.0/debian/tmp-gcn/usr --without-cuda-driver --enable-checking=release --build=x86_64-linux-gnu --host=x86_64-linux-gnu --target=x86_64-linux-gnu --with-build-config=bootstrap-lto-lean --enable-link-serialization=2]
  ignore line: [Thread model: posix]
  ignore line: [Supported LTO compression algorithms: zlib zstd]
  ignore line: [gcc version 11.4.0 (Ubuntu 11.4.0-1ubuntu1~22.04.3) ]
  ignore line: [COLLECT_GCC_OPTIONS='-v' '-c' '-o' 'CMakeFiles/cmTC_2911f.dir/CMakeFortranCompilerABI.F90.o' '-mtune=generic' '-march=x86-64' '-dumpdir' 'CMakeFiles/cmTC_2911f.dir/']
  ignore line: [ /usr/lib/gcc/x86_64-linux-gnu/11/f951 /usr/share/cmake-3.22/Modules/CMakeFortranCompilerABI.F90 -cpp=/tmp/ccwaTpko.f90 -quiet -v -imultiarch x86_64-linux-gnu /usr/share/cmake-3.22/Modules/CMakeFortranCompilerABI.F90 -quiet -dumpdir CMakeFiles/cmTC_2911f.dir/ -dumpbase CMakeFortranCompilerABI.F90.F90 -dumpbase-ext .F90 -mtune=generic -march=x86-64 -version -fintrinsic-modules-path /usr/lib/gcc/x86_64-linux-gnu/11/finclude -fpre-include=/usr/include/finclude/math-vector-fortran.h -o /tmp/cc7i2aWc.s]
  ignore line: [GNU Fortran (Ubuntu 11.4.0-1ubuntu1~22.04.3) version 11.4.0 (x86_64-linux-gnu)]
  ignore line: [	compiled by GNU C version 11.4.0  GMP version 6.2.1  MPFR version 4.1.0  MPC version 1.2.1  isl version isl-0.24-GMP]
  ignore line: []
  ignore line: [GGC heuristics: --param ggc-min-expand=100 --param ggc-min-heapsize=131072]
  ignore line: [ignoring nonexistent directory "/usr/local/include/x86_64-linux-gnu"]
  ignore line: [ignoring nonexistent directory "/usr/lib/gcc/x86_64-linux-gnu/11/include-fixed"]
  ignore line: [ignoring nonexistent directory "/usr/lib/gcc/x86_64-linux-gnu/11/../../../../x86_64-linux-gnu/include"]
  ignore line: [#include "..." search starts here:]
  ignore line: [#include <...> search starts here:]
  ignore line: [ /usr/lib/gcc/x86_64-linux-gnu/11/finclude]
  ignore line: [ /usr/lib/gcc/x86_64-linux-gnu/11/include]
  ignore line: [ /usr/local/include]
  ignore line: [ /usr/include/x86_64-linux-gnu]
  ignore line: [ /usr/include]
  ignore line: [End of search list.]
  ignore line: [GNU Fortran2008 (Ubuntu 11.4.0-1ubuntu1~22.04.3) version 11.4.0 (x86_64-linux-gnu)]
  ignore line: [	compiled by GNU C version 11.4.0  GMP version 6.2.1  MPFR version 4.1.0  MPC version 1.2.1  isl version isl-0.24-GMP]
  ignore line: []
  ignore line: [GGC heuristics: --param ggc-min-expand=100 --param ggc-min-heapsize=131072]
  ignore line: [COLLECT_GCC_OPTIONS='-v' '-c' '-o' 'CMakeFiles/cmTC_2911f.dir/CMakeFortranCompilerABI.F90.o' '-mtune=generic' '-march=x86-64' '-dumpdir' 'CMakeFiles/cmTC_2911f.dir/']
  ignore line: [ as -v --64 -o CMakeFiles/cmTC_2911f.dir/CMakeFortranCompilerABI.F90.o /tmp/cc7i2aWc.s]
  ignore line: [GNU assembler version 2.38 (x86_64-linux-gnu) using BFD version (GNU Binutils for Ubuntu) 2.38]
  ignore line: [COMPILER_PATH=/usr/lib/gcc/x86_64-linux-gnu/11/:/usr/lib/gcc/x86_64-linux-gnu/11/:/usr/lib/gcc/x86_64-linux-gnu/:/usr/lib/gcc/x86_64-linux-gnu/11/:/usr/lib/gcc/x86_64-linux-gnu/]
  ignore line: [LIBRARY_PATH=/usr/lib/gcc/x86_64-linux-gnu/11/:/usr/lib/gcc/x86_64-linux-gnu/11/../../../x86_64-linux-gnu/:/usr/lib/gcc/x86_64-linux-gnu/11/../../../../lib/:/lib/x86_64-linux-gnu/:/lib/../lib/:/usr/lib/x86_64-linux-gnu/:/usr/lib/../lib/:/usr/lib/gcc/x86_64-linux-gnu/11/../../../:/lib/:/usr/lib/]
  ignore line: [COLLECT_GCC_OPTIONS='-v' '-c' '-o' 'CMakeFiles/cmTC_2911f.dir/CMakeFortranCompilerABI.F90.o' '-mtune=generic' '-march=x86-64' '-dumpdir' 'CMakeFiles/cmTC_2911f.dir/CMakeFortranCompilerABI.F90.']
  ignore line: [Linking Fortran executable cmTC_2911f]
  ignore line: [/usr/bin/cmake -E cmake_link_script CMakeFiles/cmTC_2911f.dir/link.txt --verbose=1]
  ignore line: [/usr/bin/f95  -v CMakeFiles/cmTC_2911f.dir/CMakeFortranCompilerABI.F90.o -o cmTC_2911f ]
  ignore line: [Driving: /usr/bin/f95 -v CMakeFiles/cmTC_2911f.dir/CMakeFortranCompilerABI.F90.o -o cmTC_2911f -l gfortran -l m -shared-libgcc]
  ignore line: [Using built-in specs.]
  ignore line: [COLLECT_GCC=/usr/bin/f95]
  ignore line: [COLLECT_LTO_WRAPPER=/usr/lib/gcc/x86_64-linux-gnu/11/lto-wrapper]
  ignore line: [OFFLOAD_TARGET_NAMES=nvptx-none:amdgcn-amdhsa]
  ignore line: [OFFLOAD_TARGET_DEFAULT=1]
  ignore line: [Target: x86_64-linux-gnu]
  ignore line: [Configured with: ../src/configure -v --with-pkgversion='Ubuntu 11.4.0-1ubuntu1~22.04.3' --with-bugurl=file:///usr/share/doc/gcc-11/README.Bugs --enable-languages=c ada c++ go brig d fortran objc obj-c++ m2 --prefix=/usr --with-gcc-major-version-only --program-suffix=-11 --program-prefix=x86_64-linux-gnu- --enable-shared --enable-linker-build-id --libexecdir=/usr/lib --without-included-gettext --enable-threads=posix --libdir=/usr/lib --enable-nls --enable-bootstrap --enable-clocale=gnu --enable-libstdcxx-debug --enable-libstdcxx-time=yes --with-default-libstdcxx-abi=new --enable-gnu-unique-object --disable-vtable-verify --enable-plugin --enable-default-pie --with-system-zlib --enable-libphobos-checking=release --with-target-system-zlib=auto --enable-objc-gc=auto --enable-multiarch --disable-werror --enable-cet --with-arch-32=i686 --with-abi=m64 --with-multilib-list=m32 m64 mx32 --enable-multilib --with-tune=generic --enable-offload-targets=nvptx-none=/build/gcc-11-0odw26/gcc-11-11.4.0/debian/tmp-nvptx/usr amdgcn-amdhsa=/build/gcc-11-0odw26/gcc-11-11.4.0/debian/tmp-gcn/usr --without-cuda-driver --enable-checking=release --build=x86_64-linux-gnu --host=x86_64-linux-gnu --target=x86_64-linux-gnu --with-build-config=bootstrap-lto-lean --enable-link-serialization=2]
  ignore line: [Thread model: posix]
  ignore line: [Supported LTO compression algorithms: zlib zstd]
  ignore line: [gcc version 11.4.0 (Ubuntu 11.4.0-1ubuntu1~22.04.3) ]
  ignore line: [Reading specs from /usr/lib/gcc/x86_64-linux-gnu/11/libgfortran.spec]
  ignore line: [rename spec lib to liborig]
  ignore line: [COLLECT_GCC_OPTIONS='-v' '-o' 'cmTC_2911f' '-shared-libgcc' '-mtune=generic' '-march=x86-64' '-dumpdir' 'cmTC_2911f-']
  ignore line: [COMPILER_PATH=/usr/lib/gcc/x86_64-linux-gnu/11/:/usr/lib/gcc/x86_64-linux-gnu/11/:/usr/lib/gcc/x86_64-linux-gnu/:/usr/lib/gcc/x86_64-linux-gnu/11/:/usr/lib/gcc/x86_64-linux-gnu/]
  ignore line: [LIBRARY_PATH=/usr/lib/gcc/x86_64-linux-gnu/11/:/usr/lib/gcc/x86_64-linux-gnu/11/../../../x86_64-linux-gnu/:/usr/lib/gcc/x86_64-linux-gnu/11/../../../../lib/:/lib/x86_64-linux-gnu/:/lib/../lib/:/usr/lib/x86_64-linux-gnu/:/usr/lib/../lib/:/usr/lib/gcc/x86_64-linux-gnu/11/../../../:/lib/:/usr/lib/]
  ignore line: [COLLECT_GCC_OPTIONS='-v' '-o' 'cmTC_2911f' '-shared-libgcc' '-mtune=generic' '-march=x86-64' '-dumpdir' 'cmTC_2911f.']
  link line: [ /usr/lib/gcc/x86_64-linux-gnu/11/collect2 -plugin /usr/lib/gcc/x86_64-linux-gnu/11/liblto_plugin.so -plugin-opt=/usr/lib/gcc/x86_64-linux-gnu/11/lto-wrapper -plugin-opt=-fresolution=/tmp/cccpOYpi.res -plugin-opt=-pass-through=-lgcc_s -plugin-opt=-pass-through=-lgcc -plugin-opt=-pass-through=-lquadmath -plugin-opt=-pass-through=-lm -plugin-opt=-pass-through=-lgcc_s -plugin-opt=-pass-through=-lgcc -plugin-opt=-pass-through=-lc -plugin-opt=-pass-through=-lgcc_s -plugin-opt=-pass-through=-lgcc --build-id --eh-frame-hdr -m elf_x86_64 --hash-style=gnu --as-needed -dynamic-linker /lib64/ld-linux-x86-64.so.2 -pie -z now -z relro -o cmTC_2911f /usr/lib/gcc/x86_64-linux-gnu/11/../../../x86_64-linux-gnu/Scrt1.o /usr/lib/gcc/x86_64-linux-gnu/11/../../../x86_64-linux-gnu/crti.o /usr/lib/gcc/x86_64-linux-gnu/11/crtbeginS.o -L/usr/lib/gcc/x86_64-linux-gnu/11 -L/usr/lib/gcc/x86_64-linux-gnu/11/../../../x86_64-linux-gnu -L/usr/lib/gcc/x86_64-linux-gnu/11/../../../../lib -L/lib/x86_64-linux-gnu -L/lib/../lib -L/usr/lib/x86_64-linux-gnu -L/usr/lib/../lib -L/usr/lib/gcc/x86_64-linux-gnu/11/../../.. CMakeFiles/cmTC_2911f.dir/CMakeFortranCompilerABI.F90.o -lgfortran -lm -lgcc_s -lgcc -lquadmath -lm -lgcc_s -lgcc -lc -lgcc_s -lgcc /usr/lib/gcc/x86_64-linux-gnu/11/crtendS.o /usr/lib/gcc/x86_64-linux-gnu/11/../../../x86_64-linux-gnu/crtn.o]
    arg [/usr/lib/gcc/x86_64-linux-gnu/11/collect2] ==> ignore
    arg [-plugin] ==> ignore
    arg [/usr/lib/gcc/x86_64-linux-gnu/11/liblto_plugin.so] ==> ignore
    arg [-plugin-opt=/usr/lib/gcc/x86_64-linux-gnu/11/lto-wrapper] ==> ignore
    arg [-plugin-opt=-fresolution=/tmp/cccpOYpi.res] ==> ignore
    arg [-plugin-opt=-pass-through=-lgcc_s] ==> ignore
    arg [-plugin-opt=-pass-through=-lgcc] ==> ignore
    arg [-plugin-opt=-pass-through=-lquadmath] ==> ignore
    arg [-plugin-opt=-pass-through=-lm] ==> ignore
    arg [-plugin-opt=-pass-through=-lgcc_s] ==> ignore
    arg [-plugin-opt=-pass-through=-lgcc] ==> ignore
    arg [-plugin-opt=-pass-through=-lc] ==> ignore
    arg [-plugin-opt=-pass-through=-lgcc_s] ==> ignore
    arg [-plugin-opt=-pass-through=-lgcc] ==> ignore
    arg [--build-id] ==> ignore
    arg [--eh-frame-hdr] ==> ignore
    arg [-m] ==> ignore
    arg [elf_x86_64] ==> ignore
    arg [--hash-style=gnu] ==> ignore
    arg [--as-needed] ==> ignore
    arg [-dynamic-linker] ==> ignore
    arg [/lib64/ld-linux-x86-64.so.2] ==> ignore
    arg [-pie] ==> ignore
    arg [-znow] ==> ignore
    arg [-zrelro] ==> ignore
    arg [-o] ==> ignore
    arg [cmTC_2911f] ==> ignore
    arg [/usr/lib/gcc/x86_64-linux-gnu/11/../../../x86_64-linux-gnu/Scrt1.o] ==> obj [/usr/lib/gcc/x86_64-linux-gnu/11/../../../x86_64-linux-gnu/Scrt1.o]
    arg [/usr/lib/gcc/x86_64-linux-gnu/11/../../../x86_64-linux-gnu/crti.o] ==> obj [/usr/lib/gcc/x86_64-linux-gnu/11/../../../x86_64-linux-gnu/crti.o]
    arg [/usr/lib/gcc/x86_64-linux-gnu/11/crtbeginS.o] ==> obj [/usr/lib/gcc/x86_64-linux-gnu/11/crtbeginS.o]
    arg [-L/usr/lib/gcc/x86_64-linux-gnu/11] ==> dir [/usr/lib/gcc/x86_64-linux-gnu/11]
    arg [-L/usr/lib/gcc/x86_64-linux-gnu/11/../../../x86_64-linux-gnu] ==> dir [/usr/lib/gcc/x86_64-linux-gnu/11/../../../x86_64-linux-gnu]
    arg [-L/usr/lib/gcc/x86_64-linux-gnu/11/../../../../lib] ==> dir [/usr/lib/gcc/x86_64-linux-gnu/11/../../../../lib]
    arg [-L/lib/x86_64-linux-gnu] ==> dir [/lib/x86_64-linux-gnu]
    arg [-L/lib/../lib] ==> dir [/lib/../lib]
    arg [-L/usr/lib/x86_64-linux-gnu] ==> dir [/usr/lib/x86_64-linux-gnu]
    arg [-L/usr/lib/../lib] ==> dir [/usr/lib/../lib]
    arg [-L/usr/lib/gcc/x86_64-linux-gnu/11/../../..] ==> dir [/usr/lib/gcc/x86_64-linux-gnu/11/../../..]
    arg [CMakeFiles/cmTC_2911f.dir/CMakeFortranCompilerABI.F90.o] ==> ignore
    arg [-lgfortran] ==> lib [gfortran]
    arg [-lm] ==> lib [m]
    arg [-lgcc_s] ==> lib [gcc_s]
    arg [-lgcc] ==> lib [gcc]
    arg [-lquadmath] ==> lib [quadmath]
    arg [-lm] ==> lib [m]
    arg [-lgcc_s] ==> lib [gcc_s]
    arg [-lgcc] ==> lib [gcc]
    arg [-lc] ==> lib [c]
    arg [-lgcc_s] ==> lib [gcc_s]
    arg [-lgcc] ==> lib [gcc]
    arg [/usr/lib/gcc/x86_64-linux-gnu/11/crtendS.o] ==> obj [/usr/lib/gcc/x86_64-linux-gnu/11/crtendS.o]
    arg [/usr/lib/gcc/x86_64-linux-gnu/11/../../../x86_64-linux-gnu/crtn.o] ==> obj [/usr/lib/gcc/x86_64-linux-gnu/11/../../../x86_64-linux-gnu/crtn.o]
  collapse obj [/usr/lib/gcc/x86_64-linux-gnu/11/../../../x86_64-linux-gnu/Scrt1.o] ==> [/usr/lib/x86_64-linux-gnu/Scrt1.o]
  collapse obj [/usr/lib/gcc/x86_64-linux-gnu/11/../../../x86_64-linux-gnu/crti.o] ==> [/usr/lib/x86_64-linux-gnu/crti.o]
  collapse obj [/usr/lib/gcc/x86_64-linux-gnu/11/../../../x86_64-linux-gnu/crtn.o] ==> [/usr/lib/x86_64-linux-gnu/crtn.o]
  collapse library dir [/usr/lib/gcc/x86_64-linux-gnu/11] ==> [/usr/lib/gcc/x86_64-linux-gnu/11]
  collapse library dir [/usr/lib/gcc/x86_64-linux-gnu/11/../../../x86_64-linux-gnu] ==> [/usr/lib/x86_64-linux-gnu]
  collapse library dir [/usr/lib/gcc/x86_64-linux-gnu/11/../../../../lib] ==> [/usr/lib]
  collapse library dir [/lib/x86_64-linux-gnu] ==> [/lib/x86_64-linux-gnu]
  collapse library dir [/lib/../lib] ==> [/lib]
  collapse library dir [/usr/lib/x86_64-linux-gnu] ==> [/usr/lib/x86_64-linux-gnu]
  collapse library dir [/usr/lib/../lib] ==> [/usr/lib]
  collapse library dir [/usr/lib/gcc/x86_64-linux-gnu/11/../../..] ==> [/usr/lib]
  implicit libs: [gfortran;m;gcc_s;gcc;quadmath;m;gcc_s;gcc;c;gcc_s;gcc]
  implicit objs: [/usr/lib/x86_64-linux-gnu/Scrt1.o;/usr/lib/x86_64-linux-gnu/crti.o;/usr/lib/gcc/x86_64-linux-gnu/11/crtbeginS.o;/usr/lib/gcc/x86_64-linux-gnu/11/crtendS.o;/usr/lib/x86_64-linux-gnu/crtn.o]
  implicit dirs: [/usr/lib/gcc/x86_64-linux-gnu/11;/usr/lib/x86_64-linux-gnu;/usr/lib;/lib/x86_64-linux-gnu;/lib]
  implicit fwks: []


Performing C++ SOURCE FILE Test SUPERLU_HAS_GLOBAL_MEM_USAGE_T succeeded with the following output:
Change Dir: /home/jinwz/FoundationPoseROS2/FoundationPoseROS2/FoundationPose/eigen-3.4.0/build/CMakeFiles/CMakeTmp

Run Build Command(s):/usr/bin/gmake -f Makefile cmTC_35953/fast && /usr/bin/gmake  -f CMakeFiles/cmTC_35953.dir/build.make CMakeFiles/cmTC_35953.dir/build
gmake[1]: 进入目录“/home/jinwz/FoundationPoseROS2/FoundationPoseROS2/FoundationPose/eigen-3.4.0/build/CMakeFiles/CMakeTmp”
Building CXX object CMakeFiles/cmTC_35953.dir/src.cxx.o
/usr/bin/c++ -DSUPERLU_HAS_GLOBAL_MEM_USAGE_T -I/usr/include/superlu -std=c++03 -pedantic -Wall -Wextra -Wundef -Wcast-align -Wchar-subscripts -Wnon-virtual-dtor -Wunused-local-typedefs -Wpointer-arith -Wwrite-strings -Wformat-security -Wlogical-op -Wenum-conversion -Wdouble-promotion -Wshadow -Wno-psabi -Wno-variadic-macros -Wno-long-long -fno-check-new -fno-common -fstrict-aliasing -ansi  -o CMakeFiles/cmTC_35953.dir/src.cxx.o -c /home/jinwz/FoundationPoseROS2/FoundationPoseROS2/FoundationPose/eigen-3.4.0/build/CMakeFiles/CMakeTmp/src.cxx
/home/jinwz/FoundationPoseROS2/FoundationPoseROS2/FoundationPose/eigen-3.4.0/build/CMakeFiles/CMakeTmp/src.cxx: In function ‘int main()’:
/home/jinwz/FoundationPoseROS2/FoundationPoseROS2/FoundationPose/eigen-3.4.0/build/CMakeFiles/CMakeTmp/src.cxx:6:15: warning: unused variable ‘mem’ [-Wunused-variable]
    6 |   mem_usage_t mem;
      |               ^~~
Linking CXX executable cmTC_35953
/usr/bin/cmake -E cmake_link_script CMakeFiles/cmTC_35953.dir/link.txt --verbose=1
/usr/bin/c++  -std=c++03 -pedantic -Wall -Wextra -Wundef -Wcast-align -Wchar-subscripts -Wnon-virtual-dtor -Wunused-local-typedefs -Wpointer-arith -Wwrite-strings -Wformat-security -Wlogical-op -Wenum-conversion -Wdouble-promotion -Wshadow -Wno-psabi -Wno-variadic-macros -Wno-long-long -fno-check-new -fno-common -fstrict-aliasing -ansi  CMakeFiles/cmTC_35953.dir/src.cxx.o -o cmTC_35953 
gmake[1]: 离开目录“/home/jinwz/FoundationPoseROS2/FoundationPoseROS2/FoundationPose/eigen-3.4.0/build/CMakeFiles/CMakeTmp”


Source file was:

typedef int int_t;
#include <supermatrix.h>
#include <slu_util.h>
int main() {
  mem_usage_t mem;
  return 0;
}
Performing C++ SOURCE FILE Test SUPERLU_HAS_CLEAN_ENUMS succeeded with the following output:
Change Dir: /home/jinwz/FoundationPoseROS2/FoundationPoseROS2/FoundationPose/eigen-3.4.0/build/CMakeFiles/CMakeTmp

Run Build Command(s):/usr/bin/gmake -f Makefile cmTC_1fcab/fast && /usr/bin/gmake  -f CMakeFiles/cmTC_1fcab.dir/build.make CMakeFiles/cmTC_1fcab.dir/build
gmake[1]: 进入目录“/home/jinwz/FoundationPoseROS2/FoundationPoseROS2/FoundationPose/eigen-3.4.0/build/CMakeFiles/CMakeTmp”
Building CXX object CMakeFiles/cmTC_1fcab.dir/src.cxx.o
/usr/bin/c++ -DSUPERLU_HAS_CLEAN_ENUMS -I/usr/include/superlu -std=c++03 -pedantic -Wall -Wextra -Wundef -Wcast-align -Wchar-subscripts -Wnon-virtual-dtor -Wunused-local-typedefs -Wpointer-arith -Wwrite-strings -Wformat-security -Wlogical-op -Wenum-conversion -Wdouble-promotion -Wshadow -Wno-psabi -Wno-variadic-macros -Wno-long-long -fno-check-new -fno-common -fstrict-aliasing -ansi  -o CMakeFiles/cmTC_1fcab.dir/src.cxx.o -c /home/jinwz/FoundationPoseROS2/FoundationPoseROS2/FoundationPose/eigen-3.4.0/build/CMakeFiles/CMakeTmp/src.cxx
Linking CXX executable cmTC_1fcab
/usr/bin/cmake -E cmake_link_script CMakeFiles/cmTC_1fcab.dir/link.txt --verbose=1
/usr/bin/c++  -std=c++03 -pedantic -Wall -Wextra -Wundef -Wcast-align -Wchar-subscripts -Wnon-virtual-dtor -Wunused-local-typedefs -Wpointer-arith -Wwrite-strings -Wformat-security -Wlogical-op -Wenum-conversion -Wdouble-promotion -Wshadow -Wno-psabi -Wno-variadic-macros -Wno-long-long -fno-check-new -fno-common -fstrict-aliasing -ansi  CMakeFiles/cmTC_1fcab.dir/src.cxx.o -o cmTC_1fcab 
gmake[1]: 离开目录“/home/jinwz/FoundationPoseROS2/FoundationPoseROS2/FoundationPose/eigen-3.4.0/build/CMakeFiles/CMakeTmp”


Source file was:

typedef int int_t;
#include <supermatrix.h>
#include <superlu_enum_consts.h>
int main() {
  return SLU_SINGLE;
}
Performing C++ SOURCE FILE Test SUPERLU_HAS_GLOBALLU_T succeeded with the following output:
Change Dir: /home/jinwz/FoundationPoseROS2/FoundationPoseROS2/FoundationPose/eigen-3.4.0/build/CMakeFiles/CMakeTmp

Run Build Command(s):/usr/bin/gmake -f Makefile cmTC_4f8ca/fast && /usr/bin/gmake  -f CMakeFiles/cmTC_4f8ca.dir/build.make CMakeFiles/cmTC_4f8ca.dir/build
gmake[1]: 进入目录“/home/jinwz/FoundationPoseROS2/FoundationPoseROS2/FoundationPose/eigen-3.4.0/build/CMakeFiles/CMakeTmp”
Building CXX object CMakeFiles/cmTC_4f8ca.dir/src.cxx.o
/usr/bin/c++ -DSUPERLU_HAS_GLOBALLU_T -I/usr/include/superlu -std=c++03 -pedantic -Wall -Wextra -Wundef -Wcast-align -Wchar-subscripts -Wnon-virtual-dtor -Wunused-local-typedefs -Wpointer-arith -Wwrite-strings -Wformat-security -Wlogical-op -Wenum-conversion -Wdouble-promotion -Wshadow -Wno-psabi -Wno-variadic-macros -Wno-long-long -fno-check-new -fno-common -fstrict-aliasing -ansi  -o CMakeFiles/cmTC_4f8ca.dir/src.cxx.o -c /home/jinwz/FoundationPoseROS2/FoundationPoseROS2/FoundationPose/eigen-3.4.0/build/CMakeFiles/CMakeTmp/src.cxx
/home/jinwz/FoundationPoseROS2/FoundationPoseROS2/FoundationPose/eigen-3.4.0/build/CMakeFiles/CMakeTmp/src.cxx: In function ‘int main()’:
/home/jinwz/FoundationPoseROS2/FoundationPoseROS2/FoundationPose/eigen-3.4.0/build/CMakeFiles/CMakeTmp/src.cxx:7:14: warning: unused variable ‘glu’ [-Wunused-variable]
    7 |   GlobalLU_t glu;
      |              ^~~
Linking CXX executable cmTC_4f8ca
/usr/bin/cmake -E cmake_link_script CMakeFiles/cmTC_4f8ca.dir/link.txt --verbose=1
/usr/bin/c++  -std=c++03 -pedantic -Wall -Wextra -Wundef -Wcast-align -Wchar-subscripts -Wnon-virtual-dtor -Wunused-local-typedefs -Wpointer-arith -Wwrite-strings -Wformat-security -Wlogical-op -Wenum-conversion -Wdouble-promotion -Wshadow -Wno-psabi -Wno-variadic-macros -Wno-long-long -fno-check-new -fno-common -fstrict-aliasing -ansi  CMakeFiles/cmTC_4f8ca.dir/src.cxx.o -o cmTC_4f8ca 
gmake[1]: 离开目录“/home/jinwz/FoundationPoseROS2/FoundationPoseROS2/FoundationPose/eigen-3.4.0/build/CMakeFiles/CMakeTmp”


Source file was:

typedef int int_t;
#include <supermatrix.h>
#include <slu_util.h>
int main(void)
{
  GlobalLU_t glu;
  return 0;
}
Determining if the include file pthread.h exists passed with the following output:
Change Dir: /home/jinwz/FoundationPoseROS2/FoundationPoseROS2/FoundationPose/eigen-3.4.0/build/CMakeFiles/CMakeTmp

Run Build Command(s):/usr/bin/gmake -f Makefile cmTC_19b5a/fast && /usr/bin/gmake  -f CMakeFiles/cmTC_19b5a.dir/build.make CMakeFiles/cmTC_19b5a.dir/build
gmake[1]: 进入目录“/home/jinwz/FoundationPoseROS2/FoundationPoseROS2/FoundationPose/eigen-3.4.0/build/CMakeFiles/CMakeTmp”
Building C object CMakeFiles/cmTC_19b5a.dir/CheckIncludeFile.c.o
/usr/bin/cc    -o CMakeFiles/cmTC_19b5a.dir/CheckIncludeFile.c.o -c /home/jinwz/FoundationPoseROS2/FoundationPoseROS2/FoundationPose/eigen-3.4.0/build/CMakeFiles/CMakeTmp/CheckIncludeFile.c
Linking C executable cmTC_19b5a
/usr/bin/cmake -E cmake_link_script CMakeFiles/cmTC_19b5a.dir/link.txt --verbose=1
/usr/bin/cc CMakeFiles/cmTC_19b5a.dir/CheckIncludeFile.c.o -o cmTC_19b5a 
gmake[1]: 离开目录“/home/jinwz/FoundationPoseROS2/FoundationPoseROS2/FoundationPose/eigen-3.4.0/build/CMakeFiles/CMakeTmp”



Performing C SOURCE FILE Test CMAKE_HAVE_LIBC_PTHREAD succeeded with the following output:
Change Dir: /home/jinwz/FoundationPoseROS2/FoundationPoseROS2/FoundationPose/eigen-3.4.0/build/CMakeFiles/CMakeTmp

Run Build Command(s):/usr/bin/gmake -f Makefile cmTC_c2a09/fast && /usr/bin/gmake  -f CMakeFiles/cmTC_c2a09.dir/build.make CMakeFiles/cmTC_c2a09.dir/build
gmake[1]: 进入目录“/home/jinwz/FoundationPoseROS2/FoundationPoseROS2/FoundationPose/eigen-3.4.0/build/CMakeFiles/CMakeTmp”
Building C object CMakeFiles/cmTC_c2a09.dir/src.c.o
/usr/bin/cc -DCMAKE_HAVE_LIBC_PTHREAD   -o CMakeFiles/cmTC_c2a09.dir/src.c.o -c /home/jinwz/FoundationPoseROS2/FoundationPoseROS2/FoundationPose/eigen-3.4.0/build/CMakeFiles/CMakeTmp/src.c
Linking C executable cmTC_c2a09
/usr/bin/cmake -E cmake_link_script CMakeFiles/cmTC_c2a09.dir/link.txt --verbose=1
/usr/bin/cc CMakeFiles/cmTC_c2a09.dir/src.c.o -o cmTC_c2a09 
gmake[1]: 离开目录“/home/jinwz/FoundationPoseROS2/FoundationPoseROS2/FoundationPose/eigen-3.4.0/build/CMakeFiles/CMakeTmp”


Source file was:
#include <pthread.h>

static void* test_func(void* data)
{
  return data;
}

int main(void)
{
  pthread_t thread;
  pthread_create(&thread, NULL, test_func, NULL);
  pthread_detach(thread);
  pthread_cancel(thread);
  pthread_join(thread, NULL);
  pthread_atfork(NULL, NULL, NULL);
  pthread_exit(NULL);

  return 0;
}

Performing C SOURCE FILE Test HAVE_HWLOC_PARENT_MEMBER succeeded with the following output:
Change Dir: /home/jinwz/FoundationPoseROS2/FoundationPoseROS2/FoundationPose/eigen-3.4.0/build/CMakeFiles/CMakeTmp

Run Build Command(s):/usr/bin/gmake -f Makefile cmTC_b3661/fast && /usr/bin/gmake  -f CMakeFiles/cmTC_b3661.dir/build.make CMakeFiles/cmTC_b3661.dir/build
gmake[1]: 进入目录“/home/jinwz/FoundationPoseROS2/FoundationPoseROS2/FoundationPose/eigen-3.4.0/build/CMakeFiles/CMakeTmp”
Building C object CMakeFiles/cmTC_b3661.dir/src.c.o
/usr/bin/cc -DHAVE_HWLOC_PARENT_MEMBER   -o CMakeFiles/cmTC_b3661.dir/src.c.o -c /home/jinwz/FoundationPoseROS2/FoundationPoseROS2/FoundationPose/eigen-3.4.0/build/CMakeFiles/CMakeTmp/src.c
Linking C executable cmTC_b3661
/usr/bin/cmake -E cmake_link_script CMakeFiles/cmTC_b3661.dir/link.txt --verbose=1
/usr/bin/cc CMakeFiles/cmTC_b3661.dir/src.c.o -o cmTC_b3661 
gmake[1]: 离开目录“/home/jinwz/FoundationPoseROS2/FoundationPoseROS2/FoundationPose/eigen-3.4.0/build/CMakeFiles/CMakeTmp”


Source file was:

#include <hwloc.h>

int main()
{
  (void)sizeof(((struct hwloc_obj *)0)->parent);
  return 0;
}

Performing C SOURCE FILE Test HAVE_HWLOC_CACHE_ATTR succeeded with the following output:
Change Dir: /home/jinwz/FoundationPoseROS2/FoundationPoseROS2/FoundationPose/eigen-3.4.0/build/CMakeFiles/CMakeTmp

Run Build Command(s):/usr/bin/gmake -f Makefile cmTC_e9253/fast && /usr/bin/gmake  -f CMakeFiles/cmTC_e9253.dir/build.make CMakeFiles/cmTC_e9253.dir/build
gmake[1]: 进入目录“/home/jinwz/FoundationPoseROS2/FoundationPoseROS2/FoundationPose/eigen-3.4.0/build/CMakeFiles/CMakeTmp”
Building C object CMakeFiles/cmTC_e9253.dir/src.c.o
/usr/bin/cc -DHAVE_HWLOC_CACHE_ATTR   -o CMakeFiles/cmTC_e9253.dir/src.c.o -c /home/jinwz/FoundationPoseROS2/FoundationPoseROS2/FoundationPose/eigen-3.4.0/build/CMakeFiles/CMakeTmp/src.c
Linking C executable cmTC_e9253
/usr/bin/cmake -E cmake_link_script CMakeFiles/cmTC_e9253.dir/link.txt --verbose=1
/usr/bin/cc CMakeFiles/cmTC_e9253.dir/src.c.o -o cmTC_e9253 
gmake[1]: 离开目录“/home/jinwz/FoundationPoseROS2/FoundationPoseROS2/FoundationPose/eigen-3.4.0/build/CMakeFiles/CMakeTmp”


Source file was:

#include <hwloc.h>

int main()
{
  (void)sizeof(((struct hwloc_cache_attr_s *)0)->size);
  return 0;
}

Performing C SOURCE FILE Test HAVE_HWLOC_OBJ_PU succeeded with the following output:
Change Dir: /home/jinwz/FoundationPoseROS2/FoundationPoseROS2/FoundationPose/eigen-3.4.0/build/CMakeFiles/CMakeTmp

Run Build Command(s):/usr/bin/gmake -f Makefile cmTC_96631/fast && /usr/bin/gmake  -f CMakeFiles/cmTC_96631.dir/build.make CMakeFiles/cmTC_96631.dir/build
gmake[1]: 进入目录“/home/jinwz/FoundationPoseROS2/FoundationPoseROS2/FoundationPose/eigen-3.4.0/build/CMakeFiles/CMakeTmp”
Building C object CMakeFiles/cmTC_96631.dir/src.c.o
/usr/bin/cc -DHAVE_HWLOC_OBJ_PU   -o CMakeFiles/cmTC_96631.dir/src.c.o -c /home/jinwz/FoundationPoseROS2/FoundationPoseROS2/FoundationPose/eigen-3.4.0/build/CMakeFiles/CMakeTmp/src.c
Linking C executable cmTC_96631
/usr/bin/cmake -E cmake_link_script CMakeFiles/cmTC_96631.dir/link.txt --verbose=1
/usr/bin/cc CMakeFiles/cmTC_96631.dir/src.c.o -o cmTC_96631 
gmake[1]: 离开目录“/home/jinwz/FoundationPoseROS2/FoundationPoseROS2/FoundationPose/eigen-3.4.0/build/CMakeFiles/CMakeTmp”


Source file was:
#include <hwloc.h>
	    int main(void) { hwloc_obj_t o; o->type = HWLOC_OBJ_PU; return 0;}
Determining if the function hwloc_bitmap_free exists in the hwloc passed with the following output:
Change Dir: /home/jinwz/FoundationPoseROS2/FoundationPoseROS2/FoundationPose/eigen-3.4.0/build/CMakeFiles/CMakeTmp

Run Build Command(s):/usr/bin/gmake -f Makefile cmTC_44860/fast && /usr/bin/gmake  -f CMakeFiles/cmTC_44860.dir/build.make CMakeFiles/cmTC_44860.dir/build
gmake[1]: 进入目录“/home/jinwz/FoundationPoseROS2/FoundationPoseROS2/FoundationPose/eigen-3.4.0/build/CMakeFiles/CMakeTmp”
Building C object CMakeFiles/cmTC_44860.dir/CheckFunctionExists.c.o
/usr/bin/cc   -DCHECK_FUNCTION_EXISTS=hwloc_bitmap_free -o CMakeFiles/cmTC_44860.dir/CheckFunctionExists.c.o -c /usr/share/cmake-3.22/Modules/CheckFunctionExists.c
Linking C executable cmTC_44860
/usr/bin/cmake -E cmake_link_script CMakeFiles/cmTC_44860.dir/link.txt --verbose=1
/usr/bin/cc  -DCHECK_FUNCTION_EXISTS=hwloc_bitmap_free CMakeFiles/cmTC_44860.dir/CheckFunctionExists.c.o -o cmTC_44860  -lhwloc 
gmake[1]: 离开目录“/home/jinwz/FoundationPoseROS2/FoundationPoseROS2/FoundationPose/eigen-3.4.0/build/CMakeFiles/CMakeTmp”



Determining if the Fortran sgemm exists passed with the following output:
Change Dir: /home/jinwz/FoundationPoseROS2/FoundationPoseROS2/FoundationPose/eigen-3.4.0/build/CMakeFiles/CMakeTmp

Run Build Command(s):/usr/bin/gmake -f Makefile cmTC_55b99/fast && /usr/bin/gmake  -f CMakeFiles/cmTC_55b99.dir/build.make CMakeFiles/cmTC_55b99.dir/build
gmake[1]: 进入目录“/home/jinwz/FoundationPoseROS2/FoundationPoseROS2/FoundationPose/eigen-3.4.0/build/CMakeFiles/CMakeTmp”
Building Fortran object CMakeFiles/cmTC_55b99.dir/testFortranCompiler.f.o
/usr/bin/f95    -c /home/jinwz/FoundationPoseROS2/FoundationPoseROS2/FoundationPose/eigen-3.4.0/build/CMakeFiles/CMakeTmp/testFortranCompiler.f -o CMakeFiles/cmTC_55b99.dir/testFortranCompiler.f.o
Linking Fortran executable cmTC_55b99
/usr/bin/cmake -E cmake_link_script CMakeFiles/cmTC_55b99.dir/link.txt --verbose=1
/usr/bin/f95 CMakeFiles/cmTC_55b99.dir/testFortranCompiler.f.o -o cmTC_55b99  /usr/lib/x86_64-linux-gnu/libblas.so /usr/lib/gcc/x86_64-linux-gnu/11/libgfortran.so 
gmake[1]: 离开目录“/home/jinwz/FoundationPoseROS2/FoundationPoseROS2/FoundationPose/eigen-3.4.0/build/CMakeFiles/CMakeTmp”



Performing C++ SOURCE FILE Test COMPILER_SUPPORT_FASTMATH succeeded with the following output:
Change Dir: /home/jinwz/FoundationPoseROS2/FoundationPoseROS2/FoundationPose/eigen-3.4.0/build/CMakeFiles/CMakeTmp

Run Build Command(s):/usr/bin/gmake -f Makefile cmTC_cf26f/fast && /usr/bin/gmake  -f CMakeFiles/cmTC_cf26f.dir/build.make CMakeFiles/cmTC_cf26f.dir/build
gmake[1]: Entering directory '/home/jinwz/FoundationPoseROS2/FoundationPoseROS2/FoundationPose/eigen-3.4.0/build/CMakeFiles/CMakeTmp'
Building CXX object CMakeFiles/cmTC_cf26f.dir/src.cxx.o
/usr/bin/c++ -DCOMPILER_SUPPORT_FASTMATH  -std=c++03 -pedantic -Wall -Wextra -Wundef -Wcast-align -Wchar-subscripts -Wnon-virtual-dtor -Wunused-local-typedefs -Wpointer-arith -Wwrite-strings -Wformat-security -Wlogical-op -Wenum-conversion -Wdouble-promotion -Wshadow -Wno-psabi -Wno-variadic-macros -Wno-long-long -fno-check-new -fno-common -fstrict-aliasing -ansi -fopenmp   -ffast-math -o CMakeFiles/cmTC_cf26f.dir/src.cxx.o -c /home/jinwz/FoundationPoseROS2/FoundationPoseROS2/FoundationPose/eigen-3.4.0/build/CMakeFiles/CMakeTmp/src.cxx
Linking CXX executable cmTC_cf26f
/usr/bin/cmake -E cmake_link_script CMakeFiles/cmTC_cf26f.dir/link.txt --verbose=1
/usr/bin/c++  -std=c++03 -pedantic -Wall -Wextra -Wundef -Wcast-align -Wchar-subscripts -Wnon-virtual-dtor -Wunused-local-typedefs -Wpointer-arith -Wwrite-strings -Wformat-security -Wlogical-op -Wenum-conversion -Wdouble-promotion -Wshadow -Wno-psabi -Wno-variadic-macros -Wno-long-long -fno-check-new -fno-common -fstrict-aliasing -ansi -fopenmp CMakeFiles/cmTC_cf26f.dir/src.cxx.o -o cmTC_cf26f 
gmake[1]: Leaving directory '/home/jinwz/FoundationPoseROS2/FoundationPoseROS2/FoundationPose/eigen-3.4.0/build/CMakeFiles/CMakeTmp'


Source file was:
int main() { return 0; }
